timestamp,regiao,consumo,capacidade,prioridade,custo
2026-01-05T00:00:00,Norte,655.91,880.0,4,180.77
2026-01-05T01:00:00,Norte,629.15,880.0,3,177.58
2026-01-05T02:00:00,Norte,579.9,880.0,2,186.49
2026-01-05T03:00:00,Norte,573.87,880.0,4,177.58
2026-01-05T04:00:00,Norte,522.26,880.0,2,177.41
2026-01-05T05:00:00,Norte,513.5,880.0,2,180.59
2026-01-05T06:00:00,Norte,481.25,880.0,2,169.37
2026-01-05T07:00:00,Norte,505.49,902.78,3,175.57
2026-01-05T08:00:00,Norte,507.08,924.0,2,181.4
2026-01-05T09:00:00,Norte,507.66,942.23,1,171.02
2026-01-05T10:00:00,Norte,521.85,956.21,2,177.15
2026-01-05T11:00:00,Norte,555.42,965.0,1,185.33
2026-01-05T12:00:00,Norte,558.1,968.0,4,191.61
2026-01-05T13:00:00,Norte,610.62,965.0,2,184.61
2026-01-05T14:00:00,Norte,667.48,956.21,3,178.44
2026-01-05T15:00:00,Norte,719.51,942.23,2,191.21
2026-01-05T16:00:00,Norte,711.03,924.0,4,191.61
2026-01-05T17:00:00,Norte,746.54,902.78,1,202.26
2026-01-05T18:00:00,Norte,828.91,880.0,1,332.07
2026-01-05T19:00:00,Norte,808.1,880.0,2,299.98
2026-01-05T20:00:00,Norte,794.56,880.0,2,266.76
2026-01-05T21:00:00,Norte,801.99,880.0,1,276.64
2026-01-05T22:00:00,Norte,680.94,880.0,1,170.64
2026-01-05T23:00:00,Norte,680.36,880.0,1,197.06
2026-01-06T00:00:00,Norte,698.05,880.0,1,199.87
2026-01-06T01:00:00,Norte,614.46,880.0,4,166.58
2026-01-06T02:00:00,Norte,583.1,880.0,3,191.37
2026-01-06T03:00:00,Norte,547.91,880.0,4,176.33
2026-01-06T04:00:00,Norte,515.3,880.0,2,173.48
2026-01-06T05:00:00,Norte,504.39,880.0,2,166.61
2026-01-06T06:00:00,Norte,499.53,880.0,2,179.03
2026-01-06T07:00:00,Norte,512.77,902.78,1,192.9
2026-01-06T08:00:00,Norte,494.74,924.0,2,170.31
2026-01-06T09:00:00,Norte,541.51,942.23,1,177.61
2026-01-06T10:00:00,Norte,503.79,956.21,2,171.38
2026-01-06T11:00:00,Norte,533.86,965.0,4,166.43
2026-01-06T12:00:00,Norte,614.45,968.0,1,166.08
2026-01-06T13:00:00,Norte,634.66,965.0,4,182.45
2026-01-06T14:00:00,Norte,665.57,956.21,2,177.0
2026-01-06T15:00:00,Norte,671.55,942.23,2,194.94
2026-01-06T16:00:00,Norte,709.79,924.0,2,170.66
2026-01-06T17:00:00,Norte,744.25,902.78,1,189.02
2026-01-06T18:00:00,Norte,779.8,880.0,4,255.56
2026-01-06T19:00:00,Norte,828.07,880.0,2,339.92
2026-01-06T20:00:00,Norte,789.87,880.0,2,272.77
2026-01-06T21:00:00,Norte,773.37,880.0,2,236.85
2026-01-06T22:00:00,Norte,723.1,880.0,3,209.89
2026-01-06T23:00:00,Norte,668.91,880.0,1,189.67
2026-01-07T00:00:00,Norte,645.18,880.0,2,171.62
2026-01-07T01:00:00,Norte,618.82,880.0,2,171.93
2026-01-07T02:00:00,Norte,572.25,880.0,1,170.72
2026-01-07T03:00:00,Norte,504.8,880.0,3,183.74
2026-01-07T04:00:00,Norte,536.47,880.0,2,191.75
2026-01-07T05:00:00,Norte,504.57,880.0,2,169.32
2026-01-07T06:00:00,Norte,541.56,880.0,3,176.67
2026-01-07T07:00:00,Norte,531.37,902.78,3,186.41
2026-01-07T08:00:00,Norte,556.95,924.0,2,173.14
2026-01-07T09:00:00,Norte,545.23,942.23,2,165.76
2026-01-07T10:00:00,Norte,587.18,956.21,2,182.84
2026-01-07T11:00:00,Norte,604.94,965.0,2,193.37
2026-01-07T12:00:00,Norte,630.36,968.0,1,171.27
2026-01-07T13:00:00,Norte,674.89,965.0,2,170.02
2026-01-07T14:00:00,Norte,678.97,956.21,1,178.15
2026-01-07T15:00:00,Norte,803.25,942.23,3,216.27
2026-01-07T16:00:00,Norte,811.1,924.0,1,243.86
2026-01-07T17:00:00,Norte,830.9,902.78,2,303.03
2026-01-07T18:00:00,Norte,902.43,880.0,2,497.87
2026-01-07T19:00:00,Norte,914.36,880.0,2,544.86
2026-01-07T20:00:00,Norte,926.48,880.0,2,578.27
2026-01-07T21:00:00,Norte,880.35,880.0,2,449.27
2026-01-07T22:00:00,Norte,780.67,880.0,2,245.24
2026-01-07T23:00:00,Norte,807.25,880.0,3,300.4
2026-01-08T00:00:00,Norte,682.82,880.0,2,179.92
2026-01-08T01:00:00,Norte,664.68,880.0,1,190.35
2026-01-08T02:00:00,Norte,627.84,880.0,2,168.4
2026-01-08T03:00:00,Norte,637.2,880.0,3,175.38
2026-01-08T04:00:00,Norte,597.38,880.0,1,182.15
2026-01-08T05:00:00,Norte,573.51,880.0,3,172.13
2026-01-08T06:00:00,Norte,534.13,880.0,1,192.28
2026-01-08T07:00:00,Norte,558.1,902.78,3,188.02
2026-01-08T08:00:00,Norte,519.82,924.0,1,177.11
2026-01-08T09:00:00,Norte,587.23,942.23,2,176.97
2026-01-08T10:00:00,Norte,557.36,956.21,1,179.77
2026-01-08T11:00:00,Norte,598.39,965.0,3,181.02
2026-01-08T12:00:00,Norte,630.83,968.0,4,192.11
2026-01-08T13:00:00,Norte,723.24,965.0,2,189.73
2026-01-08T14:00:00,Norte,699.21,956.21,3,175.53
2026-01-08T15:00:00,Norte,758.64,942.23,3,191.39
2026-01-08T16:00:00,Norte,771.22,924.0,2,224.65
2026-01-08T17:00:00,Norte,836.69,902.78,1,313.13
2026-01-08T18:00:00,Norte,903.77,880.0,4,506.37
2026-01-08T19:00:00,Norte,944.99,880.0,2,631.83
2026-01-08T20:00:00,Norte,892.47,880.0,3,475.33
2026-01-08T21:00:00,Norte,831.34,880.0,2,338.66
2026-01-08T22:00:00,Norte,794.13,880.0,3,280.9
2026-01-08T23:00:00,Norte,814.28,880.0,2,303.54
2026-01-09T00:00:00,Norte,781.81,880.0,2,264.61
2026-01-09T01:00:00,Norte,680.51,880.0,2,175.8
2026-01-09T02:00:00,Norte,663.26,880.0,3,170.7
2026-01-09T03:00:00,Norte,621.71,880.0,2,180.24
2026-01-09T04:00:00,Norte,589.81,880.0,3,184.31
2026-01-09T05:00:00,Norte,565.74,880.0,1,167.5
2026-01-09T06:00:00,Norte,550.1,880.0,3,178.13
2026-01-09T07:00:00,Norte,563.71,902.78,3,193.56
2026-01-09T08:00:00,Norte,561.85,924.0,2,186.02
2026-01-09T09:00:00,Norte,540.43,942.23,2,189.14
2026-01-09T10:00:00,Norte,616.49,956.21,3,169.82
2026-01-09T11:00:00,Norte,612.51,965.0,3,181.55
2026-01-09T12:00:00,Norte,644.08,968.0,2,175.55
2026-01-09T13:00:00,Norte,695.76,965.0,2,179.65
2026-01-09T14:00:00,Norte,730.24,956.21,2,166.69
2026-01-09T15:00:00,Norte,781.36,942.23,2,193.33
2026-01-09T16:00:00,Norte,808.3,924.0,3,247.88
2026-01-09T17:00:00,Norte,814.23,902.78,2,280.19
2026-01-09T18:00:00,Norte,891.49,880.0,3,463.19
2026-01-09T19:00:00,Norte,944.64,880.0,3,611.5
2026-01-09T20:00:00,Norte,922.28,880.0,3,542.06
2026-01-09T21:00:00,Norte,893.58,880.0,2,482.13
2026-01-09T22:00:00,Norte,761.88,880.0,3,229.96
2026-01-09T23:00:00,Norte,684.04,880.0,2,177.16
2026-01-10T00:00:00,Norte,598.15,880.0,3,185.2
2026-01-10T01:00:00,Norte,589.56,880.0,1,174.24
2026-01-10T02:00:00,Norte,534.16,880.0,1,185.33
2026-01-10T03:00:00,Norte,502.34,880.0,2,186.78
2026-01-10T04:00:00,Norte,475.4,880.0,4,167.95
2026-01-10T05:00:00,Norte,492.91,880.0,2,172.69
2026-01-10T06:00:00,Norte,471.06,880.0,2,192.5
2026-01-10T07:00:00,Norte,450.72,902.78,4,173.94
2026-01-10T08:00:00,Norte,453.41,924.0,4,182.77
2026-01-10T09:00:00,Norte,484.83,942.23,3,172.58
2026-01-10T10:00:00,Norte,484.54,956.21,2,167.92
2026-01-10T11:00:00,Norte,547.4,965.0,2,184.12
2026-01-10T12:00:00,Norte,546.44,968.0,2,179.1
2026-01-10T13:00:00,Norte,535.18,965.0,2,186.26
2026-01-10T14:00:00,Norte,608.29,956.21,2,190.79
2026-01-10T15:00:00,Norte,624.1,942.23,3,169.16
2026-01-10T16:00:00,Norte,625.65,924.0,2,192.99
2026-01-10T17:00:00,Norte,676.73,902.78,2,170.67
2026-01-10T18:00:00,Norte,775.03,880.0,3,250.06
2026-01-10T19:00:00,Norte,754.81,880.0,3,226.6
2026-01-10T20:00:00,Norte,764.21,880.0,1,233.99
2026-01-10T21:00:00,Norte,701.51,880.0,3,176.55
2026-01-10T22:00:00,Norte,652.23,880.0,2,179.6
2026-01-10T23:00:00,Norte,633.92,880.0,3,178.49
2026-01-11T00:00:00,Norte,622.74,880.0,3,183.13
2026-01-11T01:00:00,Norte,566.95,880.0,2,194.68
2026-01-11T02:00:00,Norte,541.44,880.0,3,176.59
2026-01-11T03:00:00,Norte,517.66,880.0,2,165.64
2026-01-11T04:00:00,Norte,475.65,880.0,1,171.77
2026-01-11T05:00:00,Norte,479.57,880.0,4,165.69
2026-01-11T06:00:00,Norte,453.81,880.0,1,187.62
2026-01-11T07:00:00,Norte,455.08,902.78,2,193.15
2026-01-11T08:00:00,Norte,488.39,924.0,4,166.32
2026-01-11T09:00:00,Norte,448.32,942.23,3,185.46
2026-01-11T10:00:00,Norte,496.01,956.21,2,169.19
2026-01-11T11:00:00,Norte,496.09,965.0,2,193.11
2026-01-11T12:00:00,Norte,556.71,968.0,2,193.28
2026-01-11T13:00:00,Norte,573.65,965.0,3,180.5
2026-01-11T14:00:00,Norte,634.64,956.21,2,175.96
2026-01-11T15:00:00,Norte,621.56,942.23,2,181.61
2026-01-11T16:00:00,Norte,671.4,924.0,4,181.43
2026-01-11T17:00:00,Norte,655.76,902.78,2,184.23
2026-01-11T18:00:00,Norte,734.73,880.0,2,211.69
2026-01-11T19:00:00,Norte,780.87,880.0,2,260.38
2026-01-11T20:00:00,Norte,767.38,880.0,2,252.16
2026-01-11T21:00:00,Norte,773.38,880.0,3,247.91
2026-01-11T22:00:00,Norte,666.23,880.0,3,191.23
2026-01-11T23:00:00,Norte,713.4,880.0,2,198.32
2026-01-12T00:00:00,Norte,715.99,880.0,2,183.92
2026-01-12T01:00:00,Norte,700.79,880.0,2,193.18
2026-01-12T02:00:00,Norte,661.79,880.0,2,171.6
2026-01-12T03:00:00,Norte,579.14,880.0,2,194.62
2026-01-12T04:00:00,Norte,592.75,880.0,4,190.91
2026-01-12T05:00:00,Norte,545.64,880.0,3,181.18
2026-01-12T06:00:00,Norte,556.98,880.0,2,175.21
2026-01-12T07:00:00,Norte,524.73,902.78,3,181.43
2026-01-12T08:00:00,Norte,531.7,924.0,2,179.76
2026-01-12T09:00:00,Norte,541.73,942.23,4,177.59
2026-01-12T10:00:00,Norte,613.12,956.21,2,185.24
2026-01-12T11:00:00,Norte,605.68,965.0,3,194.22
2026-01-12T12:00:00,Norte,677.77,968.0,2,180.47
2026-01-12T13:00:00,Norte,655.58,965.0,3,181.83
2026-01-12T14:00:00,Norte,704.41,956.21,3,192.9
2026-01-12T15:00:00,Norte,819.79,942.23,1,230.48
2026-01-12T16:00:00,Norte,840.59,924.0,4,297.14
2026-01-12T17:00:00,Norte,863.64,902.78,3,354.86
2026-01-12T18:00:00,Norte,911.35,880.0,3,514.47
2026-01-12T19:00:00,Norte,885.32,880.0,4,462.48
2026-01-12T20:00:00,Norte,922.1,880.0,3,554.75
2026-01-12T21:00:00,Norte,931.12,880.0,2,573.89
2026-01-12T22:00:00,Norte,787.35,880.0,1,269.91
2026-01-12T23:00:00,Norte,728.36,880.0,2,210.79
2026-01-13T00:00:00,Norte,718.15,880.0,3,205.05
2026-01-13T01:00:00,Norte,688.97,880.0,2,177.46
2026-01-13T02:00:00,Norte,634.02,880.0,2,190.06
2026-01-13T03:00:00,Norte,645.12,880.0,2,187.68
2026-01-13T04:00:00,Norte,607.08,880.0,3,191.63
2026-01-13T05:00:00,Norte,550.41,880.0,3,171.6
2026-01-13T06:00:00,Norte,549.59,880.0,1,188.53
2026-01-13T07:00:00,Norte,530.34,902.78,3,178.61
2026-01-13T08:00:00,Norte,563.5,924.0,2,190.9
2026-01-13T09:00:00,Norte,569.3,942.23,1,169.11
2026-01-13T10:00:00,Norte,553.03,956.21,2,173.21
2026-01-13T11:00:00,Norte,637.6,965.0,3,190.71
2026-01-13T12:00:00,Norte,657.0,968.0,1,168.95
2026-01-13T13:00:00,Norte,661.69,965.0,3,166.96
2026-01-13T14:00:00,Norte,752.87,956.21,3,199.63
2026-01-13T15:00:00,Norte,770.0,942.23,3,209.68
2026-01-13T16:00:00,Norte,803.49,924.0,3,230.88
2026-01-13T17:00:00,Norte,796.25,902.78,3,245.23
2026-01-13T18:00:00,Norte,875.6,880.0,4,438.22
2026-01-13T19:00:00,Norte,903.14,880.0,3,509.4
2026-01-13T20:00:00,Norte,889.41,880.0,3,451.12
2026-01-13T21:00:00,Norte,924.21,880.0,3,551.83
2026-01-13T22:00:00,Norte,782.16,880.0,3,263.6
2026-01-13T23:00:00,Norte,719.85,880.0,1,198.03
2026-01-14T00:00:00,Norte,730.63,880.0,1,218.91
2026-01-14T01:00:00,Norte,694.69,880.0,2,178.83
2026-01-14T02:00:00,Norte,651.95,880.0,2,167.43
2026-01-14T03:00:00,Norte,613.8,880.0,3,183.86
2026-01-14T04:00:00,Norte,571.77,880.0,1,189.82
2026-01-14T05:00:00,Norte,564.58,880.0,1,182.57
2026-01-14T06:00:00,Norte,554.66,880.0,2,189.75
2026-01-14T07:00:00,Norte,535.13,902.78,2,182.43
2026-01-14T08:00:00,Norte,539.83,924.0,2,188.5
2026-01-14T09:00:00,Norte,571.55,942.23,2,177.21
2026-01-14T10:00:00,Norte,556.31,956.21,2,168.88
2026-01-14T11:00:00,Norte,628.24,965.0,3,166.88
2026-01-14T12:00:00,Norte,629.38,968.0,2,166.01
2026-01-14T13:00:00,Norte,682.92,965.0,3,180.65
2026-01-14T14:00:00,Norte,746.67,956.21,2,169.81
2026-01-14T15:00:00,Norte,791.06,942.23,2,201.67
2026-01-14T16:00:00,Norte,742.41,924.0,2,204.28
2026-01-14T17:00:00,Norte,837.26,902.78,1,324.69
2026-01-14T18:00:00,Norte,790.85,880.0,2,258.51
2026-01-14T19:00:00,Norte,819.4,880.0,4,324.23
2026-01-14T20:00:00,Norte,820.79,880.0,4,311.07
2026-01-14T21:00:00,Norte,799.46,880.0,1,298.77
2026-01-14T22:00:00,Norte,694.89,880.0,2,180.71
2026-01-14T23:00:00,Norte,689.8,880.0,2,174.92
2026-01-15T00:00:00,Norte,652.58,880.0,2,174.7
2026-01-15T01:00:00,Norte,630.73,880.0,1,169.64
2026-01-15T02:00:00,Norte,590.68,880.0,2,168.28
2026-01-15T03:00:00,Norte,548.76,880.0,2,191.16
2026-01-15T04:00:00,Norte,518.04,880.0,3,170.69
2026-01-15T05:00:00,Norte,498.25,880.0,4,170.76
2026-01-15T06:00:00,Norte,506.63,880.0,2,189.74
2026-01-15T07:00:00,Norte,492.12,902.78,4,182.3
2026-01-15T08:00:00,Norte,494.74,924.0,1,174.12
2026-01-15T09:00:00,Norte,510.85,942.23,3,192.97
2026-01-15T10:00:00,Norte,518.65,956.21,2,172.89
2026-01-15T11:00:00,Norte,561.45,965.0,3,175.61
2026-01-15T12:00:00,Norte,587.24,968.0,3,172.7
2026-01-15T13:00:00,Norte,615.68,965.0,3,167.37
2026-01-15T14:00:00,Norte,648.92,956.21,4,189.61
2026-01-15T15:00:00,Norte,683.64,942.23,1,170.08
2026-01-15T16:00:00,Norte,732.64,924.0,3,182.69
2026-01-15T17:00:00,Norte,716.37,902.78,2,175.57
2026-01-15T18:00:00,Norte,793.55,880.0,3,282.33
2026-01-15T19:00:00,Norte,845.33,880.0,2,362.4
2026-01-15T20:00:00,Norte,813.27,880.0,1,300.64
2026-01-15T21:00:00,Norte,797.06,880.0,1,294.67
2026-01-15T22:00:00,Norte,783.97,880.0,2,268.14
2026-01-15T23:00:00,Norte,696.34,880.0,3,176.52
2026-01-16T00:00:00,Norte,658.48,880.0,1,177.51
2026-01-16T01:00:00,Norte,628.53,880.0,3,184.38
2026-01-16T02:00:00,Norte,589.57,880.0,2,170.64
2026-01-16T03:00:00,Norte,552.6,880.0,2,182.74
2026-01-16T04:00:00,Norte,507.13,880.0,3,170.07
2026-01-16T05:00:00,Norte,486.34,880.0,2,185.66
2026-01-16T06:00:00,Norte,478.71,880.0,2,189.85
2026-01-16T07:00:00,Norte,514.27,902.78,3,185.1
2026-01-16T08:00:00,Norte,499.32,924.0,3,194.42
2026-01-16T09:00:00,Norte,509.41,942.23,3,193.91
2026-01-16T10:00:00,Norte,503.53,956.21,1,193.52
2026-01-16T11:00:00,Norte,548.38,965.0,1,186.11
2026-01-16T12:00:00,Norte,575.44,968.0,1,172.03
2026-01-16T13:00:00,Norte,603.43,965.0,4,192.03
2026-01-16T14:00:00,Norte,665.9,956.21,1,176.02
2026-01-16T15:00:00,Norte,706.46,942.23,2,166.97
2026-01-16T16:00:00,Norte,729.63,924.0,3,185.99
2026-01-16T17:00:00,Norte,708.18,902.78,3,197.59
2026-01-16T18:00:00,Norte,829.82,880.0,2,335.03
2026-01-16T19:00:00,Norte,782.01,880.0,1,262.35
2026-01-16T20:00:00,Norte,800.44,880.0,2,295.58
2026-01-16T21:00:00,Norte,775.7,880.0,3,265.83
2026-01-16T22:00:00,Norte,719.99,880.0,3,205.84
2026-01-16T23:00:00,Norte,692.84,880.0,4,194.5
2026-01-17T00:00:00,Norte,610.96,880.0,3,178.83
2026-01-17T01:00:00,Norte,601.72,880.0,3,179.9
2026-01-17T02:00:00,Norte,534.96,880.0,3,175.0
2026-01-17T03:00:00,Norte,500.83,880.0,3,171.57
2026-01-17T04:00:00,Norte,452.36,880.0,3,186.23
2026-01-17T05:00:00,Norte,468.12,880.0,1,173.67
2026-01-17T06:00:00,Norte,431.53,880.0,2,182.28
2026-01-17T07:00:00,Norte,435.0,902.78,2,173.78
2026-01-17T08:00:00,Norte,456.18,924.0,2,189.84
2026-01-17T09:00:00,Norte,446.86,942.23,3,172.78
2026-01-17T10:00:00,Norte,506.74,956.21,3,167.71
2026-01-17T11:00:00,Norte,529.4,965.0,3,167.13
2026-01-17T12:00:00,Norte,537.3,968.0,2,179.34
2026-01-17T13:00:00,Norte,572.16,965.0,2,176.9
2026-01-17T14:00:00,Norte,598.76,956.21,3,188.12
2026-01-17T15:00:00,Norte,624.9,942.23,2,192.7
2026-01-17T16:00:00,Norte,645.35,924.0,3,174.89
2026-01-17T17:00:00,Norte,657.78,902.78,2,178.28
2026-01-17T18:00:00,Norte,748.25,880.0,1,222.39
2026-01-17T19:00:00,Norte,752.64,880.0,3,219.93
2026-01-17T20:00:00,Norte,750.02,880.0,2,221.51
2026-01-17T21:00:00,Norte,755.11,880.0,1,220.29
2026-01-17T22:00:00,Norte,658.34,880.0,1,193.27
2026-01-17T23:00:00,Norte,616.36,880.0,4,186.11
2026-01-18T00:00:00,Norte,624.99,880.0,2,189.23
2026-01-18T01:00:00,Norte,601.59,880.0,2,166.67
2026-01-18T02:00:00,Norte,519.79,880.0,2,186.67
2026-01-18T03:00:00,Norte,485.96,880.0,3,166.42
2026-01-18T04:00:00,Norte,480.54,880.0,3,176.8
2026-01-18T05:00:00,Norte,449.49,880.0,1,191.73
2026-01-18T06:00:00,Norte,472.69,880.0,2,171.86
2026-01-18T07:00:00,Norte,441.48,902.78,1,172.28
2026-01-18T08:00:00,Norte,462.24,924.0,2,170.88
2026-01-18T09:00:00,Norte,468.28,942.23,3,180.6
2026-01-18T10:00:00,Norte,465.92,956.21,3,175.2
2026-01-18T11:00:00,Norte,529.04,965.0,2,171.1
2026-01-18T12:00:00,Norte,527.62,968.0,3,180.55
2026-01-18T13:00:00,Norte,563.19,965.0,3,171.97
2026-01-18T14:00:00,Norte,623.84,841.47,3,165.64
2026-01-18T15:00:00,Norte,644.06,829.16,3,189.27
2026-01-18T16:00:00,Norte,642.79,813.12,3,189.1
2026-01-18T17:00:00,Norte,717.49,902.78,2,199.13
2026-01-18T18:00:00,Norte,754.16,880.0,2,236.91
2026-01-18T19:00:00,Norte,785.18,880.0,3,273.15
2026-01-18T20:00:00,Norte,739.3,880.0,3,228.77
2026-01-18T21:00:00,Norte,771.36,880.0,2,236.33
2026-01-18T22:00:00,Norte,679.11,880.0,2,174.28
2026-01-18T23:00:00,Norte,606.04,880.0,1,171.72
2026-01-05T00:00:00,Nordeste,1417.31,1840.0,2,174.5
2026-01-05T01:00:00,Nordeste,1329.03,1840.0,2,183.37
2026-01-05T02:00:00,Nordeste,1209.15,1840.0,2,186.67
2026-01-05T03:00:00,Nordeste,1199.66,1840.0,4,170.01
2026-01-05T04:00:00,Nordeste,1128.89,1840.0,3,188.96
2026-01-05T05:00:00,Nordeste,1092.32,1840.0,2,182.96
2026-01-05T06:00:00,Nordeste,1057.36,1840.0,3,172.15
2026-01-05T07:00:00,Nordeste,1088.1,1982.87,3,168.12
2026-01-05T08:00:00,Nordeste,1022.21,2116.0,4,186.69
2026-01-05T09:00:00,Nordeste,1144.12,2230.32,2,166.34
2026-01-05T10:00:00,Nordeste,1167.08,2318.05,3,171.94
2026-01-05T11:00:00,Nordeste,1202.14,2373.19,2,171.9
2026-01-05T12:00:00,Nordeste,1189.7,2392.0,3,172.42
2026-01-05T13:00:00,Nordeste,1367.81,2373.19,2,190.05
2026-01-05T14:00:00,Nordeste,1456.77,2318.05,3,176.07
2026-01-05T15:00:00,Nordeste,1498.2,2230.32,2,176.61
2026-01-05T16:00:00,Nordeste,1485.05,2116.0,4,168.9
2026-01-05T17:00:00,Nordeste,1658.74,1982.87,4,220.62
2026-01-05T18:00:00,Nordeste,1801.73,1840.0,2,399.62
2026-01-05T19:00:00,Nordeste,1906.64,1840.0,2,523.48
2026-01-05T20:00:00,Nordeste,1829.27,1840.0,4,425.96
2026-01-05T21:00:00,Nordeste,1632.07,1840.0,1,267.61
2026-01-05T22:00:00,Nordeste,1598.2,1840.0,3,231.89
2026-01-05T23:00:00,Nordeste,1520.51,1840.0,3,191.08
2026-01-06T00:00:00,Nordeste,1424.13,1840.0,2,193.98
2026-01-06T01:00:00,Nordeste,1376.98,1840.0,1,190.18
2026-01-06T02:00:00,Nordeste,1242.0,1840.0,1,183.59
2026-01-06T03:00:00,Nordeste,1192.85,1840.0,3,169.97
2026-01-06T04:00:00,Nordeste,1155.5,1840.0,2,181.94
2026-01-06T05:00:00,Nordeste,1027.38,1840.0,3,165.29
2026-01-06T06:00:00,Nordeste,1039.42,1840.0,2,182.87
2026-01-06T07:00:00,Nordeste,1019.74,1982.87,2,175.39
2026-01-06T08:00:00,Nordeste,1107.09,2116.0,3,174.1
2026-01-06T09:00:00,Nordeste,1102.05,2230.32,3,181.59
2026-01-06T10:00:00,Nordeste,1150.34,2318.05,3,179.69
2026-01-06T11:00:00,Nordeste,1181.7,2373.19,1,173.34
2026-01-06T12:00:00,Nordeste,1189.98,2392.0,2,165.2
2026-01-06T13:00:00,Nordeste,1393.46,2373.19,4,171.94
2026-01-06T14:00:00,Nordeste,1476.06,2318.05,3,186.71
2026-01-06T15:00:00,Nordeste,1431.1,2230.32,3,191.05
2026-01-06T16:00:00,Nordeste,1502.05,2116.0,2,188.86
2026-01-06T17:00:00,Nordeste,1687.24,1982.87,1,215.47
2026-01-06T18:00:00,Nordeste,1765.07,1840.0,3,354.4
2026-01-06T19:00:00,Nordeste,1807.78,1840.0,3,404.72
2026-01-06T20:00:00,Nordeste,1827.8,1840.0,3,443.04
2026-01-06T21:00:00,Nordeste,1757.11,1840.0,2,362.64
2026-01-06T22:00:00,Nordeste,1601.95,1840.0,2,226.34
2026-01-06T23:00:00,Nordeste,1513.04,1840.0,2,199.3
2026-01-07T00:00:00,Nordeste,1490.59,1840.0,1,200.64
2026-01-07T01:00:00,Nordeste,1329.18,1840.0,1,188.65
2026-01-07T02:00:00,Nordeste,1290.69,1840.0,3,179.4
2026-01-07T03:00:00,Nordeste,1227.87,1840.0,3,177.39
2026-01-07T04:00:00,Nordeste,1202.38,1840.0,3,183.8
2026-01-07T05:00:00,Nordeste,1093.54,1840.0,3,189.78
2026-01-07T06:00:00,Nordeste,986.8,1840.0,3,177.97
2026-01-07T07:00:00,Nordeste,1002.61,1982.87,4,176.86
2026-01-07T08:00:00,Nordeste,1103.36,2116.0,3,180.72
2026-01-07T09:00:00,Nordeste,1056.08,2230.32,2,184.36
2026-01-07T10:00:00,Nordeste,1143.98,2318.05,3,192.98
2026-01-07T11:00:00,Nordeste,1207.93,2373.19,2,190.84
2026-01-07T12:00:00,Nordeste,1255.48,2392.0,2,177.67
2026-01-07T13:00:00,Nordeste,1313.15,2373.19,2,165.11
2026-01-07T14:00:00,Nordeste,1407.67,2318.05,3,183.11
2026-01-07T15:00:00,Nordeste,1493.57,2230.32,3,191.7
2026-01-07T16:00:00,Nordeste,1455.45,2116.0,3,180.61
2026-01-07T17:00:00,Nordeste,1643.08,1982.87,3,212.42
2026-01-07T18:00:00,Nordeste,1813.43,1840.0,1,406.57
2026-01-07T19:00:00,Nordeste,1669.77,1840.0,3,272.38
2026-01-07T20:00:00,Nordeste,1802.93,1840.0,3,415.55
2026-01-07T21:00:00,Nordeste,1758.43,1840.0,3,364.98
2026-01-07T22:00:00,Nordeste,1632.54,1840.0,3,272.72
2026-01-07T23:00:00,Nordeste,1504.4,1840.0,1,199.5
2026-01-08T00:00:00,Nordeste,1407.36,1840.0,2,184.46
2026-01-08T01:00:00,Nordeste,1431.68,1840.0,2,183.07
2026-01-08T02:00:00,Nordeste,1155.05,1840.0,2,184.66
2026-01-08T03:00:00,Nordeste,1250.35,1840.0,3,187.84
2026-01-08T04:00:00,Nordeste,1128.06,1840.0,3,184.54
2026-01-08T05:00:00,Nordeste,1122.41,1840.0,3,189.65
2026-01-08T06:00:00,Nordeste,1078.78,1840.0,2,191.59
2026-01-08T07:00:00,Nordeste,1068.2,1982.87,2,178.95
2026-01-08T08:00:00,Nordeste,1122.45,2116.0,3,181.07
2026-01-08T09:00:00,Nordeste,1120.36,2230.32,1,191.44
2026-01-08T10:00:00,Nordeste,1125.4,2318.05,2,180.38
2026-01-08T11:00:00,Nordeste,1145.29,2373.19,3,165.04
2026-01-08T12:00:00,Nordeste,1300.85,2392.0,2,182.83
2026-01-08T13:00:00,Nordeste,1334.5,2373.19,2,168.06
2026-01-08T14:00:00,Nordeste,1396.24,2318.05,2,192.58
2026-01-08T15:00:00,Nordeste,1484.11,2230.32,1,167.71
2026-01-08T16:00:00,Nordeste,1549.04,2116.0,1,179.53
2026-01-08T17:00:00,Nordeste,1520.84,1982.87,3,184.67
2026-01-08T18:00:00,Nordeste,1829.69,1840.0,3,428.21
2026-01-08T19:00:00,Nordeste,1790.23,1840.0,1,381.95
2026-01-08T20:00:00,Nordeste,1790.11,1840.0,1,400.66
2026-01-08T21:00:00,Nordeste,1680.84,1840.0,3,282.04
2026-01-08T22:00:00,Nordeste,1530.2,1840.0,1,207.56
2026-01-08T23:00:00,Nordeste,1551.32,1840.0,1,228.59
2026-01-09T00:00:00,Nordeste,1414.53,1840.0,4,188.13
2026-01-09T01:00:00,Nordeste,1367.01,1840.0,4,166.68
2026-01-09T02:00:00,Nordeste,1270.87,1840.0,2,165.58
2026-01-09T03:00:00,Nordeste,1225.7,1619.2,1,187.58
2026-01-09T04:00:00,Nordeste,1150.24,1619.2,3,172.14
2026-01-09T05:00:00,Nordeste,1076.13,1619.2,2,173.22
2026-01-09T06:00:00,Nordeste,1036.4,1619.2,3,177.72
2026-01-09T07:00:00,Nordeste,1075.71,1744.92,2,186.7
2026-01-09T08:00:00,Nordeste,1071.18,1862.08,3,187.44
2026-01-09T09:00:00,Nordeste,1114.42,1962.68,2,167.04
2026-01-09T10:00:00,Nordeste,1148.39,2039.88,3,172.69
2026-01-09T11:00:00,Nordeste,1203.17,2088.41,3,177.03
2026-01-09T12:00:00,Nordeste,1304.64,2392.0,2,170.43
2026-01-09T13:00:00,Nordeste,1431.34,2373.19,2,172.29
2026-01-09T14:00:00,Nordeste,1402.85,2318.05,1,182.7
2026-01-09T15:00:00,Nordeste,1547.66,2230.32,2,181.29
2026-01-09T16:00:00,Nordeste,1508.89,2116.0,3,179.91
2026-01-09T17:00:00,Nordeste,1579.3,1982.87,3,191.06
2026-01-09T18:00:00,Nordeste,1775.64,1840.0,2,386.68
2026-01-09T19:00:00,Nordeste,1729.0,1840.0,2,327.27
2026-01-09T20:00:00,Nordeste,1794.42,1840.0,2,389.86
2026-01-09T21:00:00,Nordeste,1601.22,1840.0,2,252.56
2026-01-09T22:00:00,Nordeste,1514.05,1840.0,2,213.97
2026-01-09T23:00:00,Nordeste,1508.5,1840.0,2,190.91
2026-01-10T00:00:00,Nordeste,1234.28,1840.0,4,173.73
2026-01-10T01:00:00,Nordeste,1223.7,1840.0,2,177.25
2026-01-10T02:00:00,Nordeste,1157.72,1840.0,3,180.17
2026-01-10T03:00:00,Nordeste,1171.61,1840.0,2,178.78
2026-01-10T04:00:00,Nordeste,1152.91,1840.0,3,191.35
2026-01-10T05:00:00,Nordeste,1021.06,1840.0,3,185.18
2026-01-10T06:00:00,Nordeste,953.57,1840.0,1,193.32
2026-01-10T07:00:00,Nordeste,977.29,1982.87,4,174.4
2026-01-10T08:00:00,Nordeste,982.25,2116.0,2,191.91
2026-01-10T09:00:00,Nordeste,1030.67,2230.32,2,192.9
2026-01-10T10:00:00,Nordeste,1092.51,2318.05,4,186.52
2026-01-10T11:00:00,Nordeste,1105.62,2373.19,2,189.18
2026-01-10T12:00:00,Nordeste,1188.0,2392.0,2,184.43
2026-01-10T13:00:00,Nordeste,1256.63,2373.19,1,182.2
2026-01-10T14:00:00,Nordeste,1313.32,2318.05,2,166.98
2026-01-10T15:00:00,Nordeste,1394.65,2230.32,3,185.67
2026-01-10T16:00:00,Nordeste,1507.35,2116.0,3,176.96
2026-01-10T17:00:00,Nordeste,1454.39,1982.87,1,178.14
2026-01-10T18:00:00,Nordeste,1735.98,1840.0,2,331.79
2026-01-10T19:00:00,Nordeste,1629.99,1840.0,2,252.32
2026-01-10T20:00:00,Nordeste,1656.14,1840.0,2,282.43
2026-01-10T21:00:00,Nordeste,1646.71,1840.0,2,270.52
2026-01-10T22:00:00,Nordeste,1457.69,1840.0,1,197.89
2026-01-10T23:00:00,Nordeste,1408.38,1840.0,4,189.76
2026-01-11T00:00:00,Nordeste,1269.23,1840.0,2,190.72
2026-01-11T01:00:00,Nordeste,1277.38,1840.0,2,193.78
2026-01-11T02:00:00,Nordeste,1172.94,1840.0,3,188.03
2026-01-11T03:00:00,Nordeste,1171.5,1840.0,3,184.19
2026-01-11T04:00:00,Nordeste,1063.83,1840.0,1,173.27
2026-01-11T05:00:00,Nordeste,1033.24,1840.0,2,165.91
2026-01-11T06:00:00,Nordeste,984.78,1840.0,2,169.34
2026-01-11T07:00:00,Nordeste,997.9,1982.87,1,193.33
2026-01-11T08:00:00,Nordeste,1071.45,2116.0,3,170.29
2026-01-11T09:00:00,Nordeste,1139.12,2230.32,3,166.18
2026-01-11T10:00:00,Nordeste,1279.0,2318.05,3,174.06
2026-01-11T11:00:00,Nordeste,1308.35,2373.19,2,193.99
2026-01-11T12:00:00,Nordeste,1356.01,2392.0,3,191.34
2026-01-11T13:00:00,Nordeste,1399.1,2373.19,3,168.98
2026-01-11T14:00:00,Nordeste,1562.74,2318.05,4,167.66
2026-01-11T15:00:00,Nordeste,1615.29,2230.32,2,191.99
2026-01-11T16:00:00,Nordeste,1667.77,2116.0,2,194.31
2026-01-11T17:00:00,Nordeste,1601.37,1982.87,3,197.1
2026-01-11T18:00:00,Nordeste,1870.89,1840.0,2,483.41
2026-01-11T19:00:00,Nordeste,1850.03,1840.0,1,441.99
2026-01-11T20:00:00,Nordeste,1817.49,1840.0,1,424.34
2026-01-11T21:00:00,Nordeste,1885.45,1840.0,2,499.13
2026-01-11T22:00:00,Nordeste,1627.2,1840.0,2,260.84
2026-01-11T23:00:00,Nordeste,1651.79,1840.0,2,258.85
2026-01-12T00:00:00,Nordeste,1701.49,1840.0,2,323.12
2026-01-12T01:00:00,Nordeste,1454.66,1840.0,4,183.01
2026-01-12T02:00:00,Nordeste,1393.24,1840.0,1,186.65
2026-01-12T03:00:00,Nordeste,1272.71,1840.0,2,188.76
2026-01-12T04:00:00,Nordeste,1342.16,1840.0,3,180.82
2026-01-12T05:00:00,Nordeste,1214.27,1840.0,3,188.84
2026-01-12T06:00:00,Nordeste,1186.6,1840.0,3,194.93
2026-01-12T07:00:00,Nordeste,1176.39,1982.87,3,173.17
2026-01-12T08:00:00,Nordeste,1224.91,2116.0,1,170.54
2026-01-12T09:00:00,Nordeste,1310.22,2230.32,2,168.77
2026-01-12T10:00:00,Nordeste,1299.16,2318.05,3,190.67
2026-01-12T11:00:00,Nordeste,1219.69,2373.19,3,168.73
2026-01-12T12:00:00,Nordeste,1495.16,2392.0,1,183.73
2026-01-12T13:00:00,Nordeste,1529.65,2373.19,2,181.87
2026-01-12T14:00:00,Nordeste,1605.43,2318.05,4,190.61
2026-01-12T15:00:00,Nordeste,1654.92,2230.32,3,179.32
2026-01-12T16:00:00,Nordeste,1760.87,2116.0,4,220.7
2026-01-12T17:00:00,Nordeste,1818.86,1982.87,3,282.75
2026-01-12T18:00:00,Nordeste,1886.34,1840.0,2,485.23
2026-01-12T19:00:00,Nordeste,1910.93,1840.0,3,516.84
2026-01-12T20:00:00,Nordeste,1991.67,1840.0,3,634.19
2026-01-12T21:00:00,Nordeste,1892.29,1840.0,3,491.89
2026-01-12T22:00:00,Nordeste,1720.35,1840.0,3,337.89
2026-01-12T23:00:00,Nordeste,1569.55,1840.0,1,212.9
2026-01-13T00:00:00,Nordeste,1594.03,1840.0,3,233.86
2026-01-13T01:00:00,Nordeste,1502.56,1840.0,2,191.05
2026-01-13T02:00:00,Nordeste,1352.79,1840.0,1,166.51
2026-01-13T03:00:00,Nordeste,1461.38,1840.0,1,183.53
2026-01-13T04:00:00,Nordeste,1248.24,1840.0,2,186.03
2026-01-13T05:00:00,Nordeste,1265.47,1840.0,1,180.83
2026-01-13T06:00:00,Nordeste,1143.23,1840.0,4,183.35
2026-01-13T07:00:00,Nordeste,1187.21,1982.87,3,181.78
2026-01-13T08:00:00,Nordeste,1266.35,2116.0,3,167.87
2026-01-13T09:00:00,Nordeste,1222.5,2230.32,1,173.37
2026-01-13T10:00:00,Nordeste,1287.68,2318.05,2,185.38
2026-01-13T11:00:00,Nordeste,1323.66,2373.19,2,188.89
2026-01-13T12:00:00,Nordeste,1495.39,2392.0,4,193.38
2026-01-13T13:00:00,Nordeste,1461.51,2373.19,2,191.62
2026-01-13T14:00:00,Nordeste,1597.57,2318.05,2,169.33
2026-01-13T15:00:00,Nordeste,1604.9,2230.32,2,189.37
2026-01-13T16:00:00,Nordeste,1712.09,2116.0,3,190.15
2026-01-13T17:00:00,Nordeste,1765.4,1982.87,4,251.3
2026-01-13T18:00:00,Nordeste,1971.2,1840.0,1,600.84
2026-01-13T19:00:00,Nordeste,2077.12,1840.0,1,770.68
2026-01-13T20:00:00,Nordeste,1903.14,1840.0,3,519.49
2026-01-13T21:00:00,Nordeste,1942.62,1840.0,3,564.34
2026-01-13T22:00:00,Nordeste,1741.25,1840.0,2,342.32
2026-01-13T23:00:00,Nordeste,1780.13,1840.0,3,380.44
2026-01-14T00:00:00,Nordeste,1640.18,1840.0,2,267.41
2026-01-14T01:00:00,Nordeste,1434.17,1840.0,2,192.39
2026-01-14T02:00:00,Nordeste,1447.11,1840.0,3,179.52
2026-01-14T03:00:00,Nordeste,1323.05,1840.0,4,180.4
2026-01-14T04:00:00,Nordeste,1337.86,1840.0,1,181.9
2026-01-14T05:00:00,Nordeste,1219.85,1840.0,2,187.45
2026-01-14T06:00:00,Nordeste,1150.89,1840.0,3,187.69
2026-01-14T07:00:00,Nordeste,1186.4,1982.87,2,188.34
2026-01-14T08:00:00,Nordeste,1040.07,2116.0,1,167.55
2026-01-14T09:00:00,Nordeste,1139.85,2230.32,3,181.89
2026-01-14T10:00:00,Nordeste,1162.67,2318.05,1,194.51
2026-01-14T11:00:00,Nordeste,1193.49,2373.19,3,176.13
2026-01-14T12:00:00,Nordeste,1274.3,2392.0,2,169.38
2026-01-14T13:00:00,Nordeste,1351.3,2373.19,1,179.1
2026-01-14T14:00:00,Nordeste,1498.73,2318.05,2,193.8
2026-01-14T15:00:00,Nordeste,1592.47,2230.32,3,186.3
2026-01-14T16:00:00,Nordeste,1589.97,2116.0,2,167.66
2026-01-14T17:00:00,Nordeste,1600.98,1982.87,2,178.93
2026-01-14T18:00:00,Nordeste,1769.91,1840.0,1,356.09
2026-01-14T19:00:00,Nordeste,1804.25,1840.0,2,410.49
2026-01-14T20:00:00,Nordeste,1832.0,1840.0,2,429.2
2026-01-14T21:00:00,Nordeste,1734.03,1840.0,4,321.61
2026-01-14T22:00:00,Nordeste,1554.95,1840.0,2,231.26
2026-01-14T23:00:00,Nordeste,1484.29,1840.0,4,182.32
2026-01-15T00:00:00,Nordeste,1436.14,1840.0,2,191.13
2026-01-15T01:00:00,Nordeste,1304.28,1840.0,2,195.0
2026-01-15T02:00:00,Nordeste,1254.61,1840.0,2,174.59
2026-01-15T03:00:00,Nordeste,1182.23,1840.0,3,186.35
2026-01-15T04:00:00,Nordeste,1169.15,1840.0,4,188.05
2026-01-15T05:00:00,Nordeste,1078.79,1840.0,3,190.43
2026-01-15T06:00:00,Nordeste,1014.97,1840.0,3,186.06
2026-01-15T07:00:00,Nordeste,1043.27,1982.87,3,172.03
2026-01-15T08:00:00,Nordeste,1087.67,2116.0,3,173.13
2026-01-15T09:00:00,Nordeste,1149.26,2230.32,2,191.17
2026-01-15T10:00:00,Nordeste,1122.06,2318.05,3,182.19
2026-01-15T11:00:00,Nordeste,1223.12,2373.19,3,174.95
2026-01-15T12:00:00,Nordeste,1285.44,2392.0,3,180.14
2026-01-15T13:00:00,Nordeste,1359.38,2373.19,4,174.46
2026-01-15T14:00:00,Nordeste,1490.24,2318.05,3,194.45
2026-01-15T15:00:00,Nordeste,1552.49,2230.32,2,178.28
2026-01-15T16:00:00,Nordeste,1591.51,2116.0,2,171.82
2026-01-15T17:00:00,Nordeste,1626.45,1982.87,2,200.29
2026-01-15T18:00:00,Nordeste,1809.12,1840.0,2,407.18
2026-01-15T19:00:00,Nordeste,1768.15,1840.0,2,358.9
2026-01-15T20:00:00,Nordeste,1716.2,1840.0,2,320.68
2026-01-15T21:00:00,Nordeste,1783.44,1840.0,2,379.62
2026-01-15T22:00:00,Nordeste,1471.76,1840.0,3,199.69
2026-01-15T23:00:00,Nordeste,1578.65,1840.0,2,241.31
2026-01-16T00:00:00,Nordeste,1440.48,1840.0,1,196.57
2026-01-16T01:00:00,Nordeste,1345.22,1840.0,3,168.71
2026-01-16T02:00:00,Nordeste,1233.49,1840.0,3,182.09
2026-01-16T03:00:00,Nordeste,1222.53,1840.0,2,172.47
2026-01-16T04:00:00,Nordeste,1028.53,1840.0,3,187.09
2026-01-16T05:00:00,Nordeste,1084.7,1840.0,2,167.9
2026-01-16T06:00:00,Nordeste,1051.26,1840.0,2,175.1
2026-01-16T07:00:00,Nordeste,1063.73,1982.87,1,192.17
2026-01-16T08:00:00,Nordeste,1111.0,2116.0,4,174.33
2026-01-16T09:00:00,Nordeste,1047.43,2230.32,4,169.97
2026-01-16T10:00:00,Nordeste,1122.99,2318.05,2,167.49
2026-01-16T11:00:00,Nordeste,1270.15,2373.19,2,167.91
2026-01-16T12:00:00,Nordeste,1227.47,2392.0,1,173.22
2026-01-16T13:00:00,Nordeste,1407.1,2373.19,2,172.92
2026-01-16T14:00:00,Nordeste,1607.7,2318.05,2,168.35
2026-01-16T15:00:00,Nordeste,1709.67,2230.32,1,190.18
2026-01-16T16:00:00,Nordeste,1634.21,2116.0,3,176.46
2026-01-16T17:00:00,Nordeste,1696.53,1982.87,2,239.65
2026-01-16T18:00:00,Nordeste,1996.77,1840.0,1,639.78
2026-01-16T19:00:00,Nordeste,1837.31,1840.0,2,444.07
2026-01-16T20:00:00,Nordeste,2007.2,1840.0,3,653.64
2026-01-16T21:00:00,Nordeste,1974.98,1840.0,4,626.46
2026-01-16T22:00:00,Nordeste,1772.0,1840.0,3,360.83
2026-01-16T23:00:00,Nordeste,1624.29,1840.0,3,258.29
2026-01-17T00:00:00,Nordeste,1538.3,1840.0,3,226.01
2026-01-17T01:00:00,Nordeste,1391.32,1840.0,3,195.13
2026-01-17T02:00:00,Nordeste,1324.7,1840.0,3,188.58
2026-01-17T03:00:00,Nordeste,1248.62,1840.0,2,188.92
2026-01-17T04:00:00,Nordeste,1160.97,1840.0,4,178.66
2026-01-17T05:00:00,Nordeste,1175.93,1840.0,3,177.44
2026-01-17T06:00:00,Nordeste,1142.02,1840.0,3,192.64
2026-01-17T07:00:00,Nordeste,1100.97,1982.87,2,165.17
2026-01-17T08:00:00,Nordeste,1061.9,2116.0,3,177.17
2026-01-17T09:00:00,Nordeste,1215.22,2230.32,1,173.61
2026-01-17T10:00:00,Nordeste,1135.77,2318.05,2,179.22
2026-01-17T11:00:00,Nordeste,1291.11,2373.19,4,188.51
2026-01-17T12:00:00,Nordeste,1408.98,2392.0,3,166.08
2026-01-17T13:00:00,Nordeste,1562.77,2373.19,4,166.73
2026-01-17T14:00:00,Nordeste,1447.41,2318.05,2,169.83
2026-01-17T15:00:00,Nordeste,1566.06,2230.32,4,175.76
2026-01-17T16:00:00,Nordeste,1673.3,2116.0,3,200.11
2026-01-17T17:00:00,Nordeste,1685.02,1982.87,4,221.02
2026-01-17T18:00:00,Nordeste,1891.51,1840.0,2,513.28
2026-01-17T19:00:00,Nordeste,1649.48,1840.0,2,262.62
2026-01-17T20:00:00,Nordeste,1776.85,1840.0,3,371.29
2026-01-17T21:00:00,Nordeste,1745.46,1840.0,3,343.56
2026-01-17T22:00:00,Nordeste,1610.24,1840.0,2,252.28
2026-01-17T23:00:00,Nordeste,1645.78,1840.0,3,274.29
2026-01-18T00:00:00,Nordeste,1438.88,1840.0,2,181.29
2026-01-18T01:00:00,Nordeste,1369.64,1840.0,1,172.05
2026-01-18T02:00:00,Nordeste,1284.08,1840.0,3,193.72
2026-01-18T03:00:00,Nordeste,1230.56,1840.0,3,171.05
2026-01-18T04:00:00,Nordeste,1220.72,1840.0,2,194.72
2026-01-18T05:00:00,Nordeste,1128.31,1840.0,2,170.0
2026-01-18T06:00:00,Nordeste,1127.08,1840.0,3,184.79
2026-01-18T07:00:00,Nordeste,1114.94,1982.87,3,182.69
2026-01-18T08:00:00,Nordeste,1103.42,2116.0,1,188.5
2026-01-18T09:00:00,Nordeste,1095.82,2230.32,4,184.6
2026-01-18T10:00:00,Nordeste,1191.68,2318.05,4,183.04
2026-01-18T11:00:00,Nordeste,1213.06,2373.19,3,182.51
2026-01-18T12:00:00,Nordeste,1300.84,2392.0,2,176.31
2026-01-18T13:00:00,Nordeste,1342.27,2373.19,4,184.91
2026-01-18T14:00:00,Nordeste,1527.3,2318.05,4,182.13
2026-01-18T15:00:00,Nordeste,1573.27,2230.32,2,187.98
2026-01-18T16:00:00,Nordeste,1601.29,2116.0,1,181.23
2026-01-18T17:00:00,Nordeste,1633.95,1982.87,3,209.3
2026-01-18T18:00:00,Nordeste,1851.16,1840.0,2,469.88
2026-01-18T19:00:00,Nordeste,1845.6,1840.0,2,458.29
2026-01-18T20:00:00,Nordeste,1710.41,1840.0,2,310.39
2026-01-18T21:00:00,Nordeste,1758.48,1840.0,2,365.16
2026-01-18T22:00:00,Nordeste,1514.65,1840.0,2,200.37
2026-01-18T23:00:00,Nordeste,1416.91,1840.0,2,167.29
2026-01-05T00:00:00,Centro-Oeste,801.18,1100.0,4,173.59
2026-01-05T01:00:00,Centro-Oeste,805.57,1100.0,2,187.49
2026-01-05T02:00:00,Centro-Oeste,748.03,1100.0,4,174.83
2026-01-05T03:00:00,Centro-Oeste,711.09,1100.0,2,180.93
2026-01-05T04:00:00,Centro-Oeste,652.66,1100.0,3,181.09
2026-01-05T05:00:00,Centro-Oeste,645.07,1100.0,2,183.28
2026-01-05T06:00:00,Centro-Oeste,605.49,1100.0,2,177.93
2026-01-05T07:00:00,Centro-Oeste,617.03,1151.25,1,194.74
2026-01-05T08:00:00,Centro-Oeste,594.29,1199.0,3,184.87
2026-01-05T09:00:00,Centro-Oeste,638.22,1240.01,2,181.22
2026-01-05T10:00:00,Centro-Oeste,685.79,1271.47,3,166.11
2026-01-05T11:00:00,Centro-Oeste,656.34,1291.25,2,170.03
2026-01-05T12:00:00,Centro-Oeste,734.17,1298.0,2,166.67
2026-01-05T13:00:00,Centro-Oeste,794.74,1291.25,2,174.5
2026-01-05T14:00:00,Centro-Oeste,785.11,1271.47,1,182.41
2026-01-05T15:00:00,Centro-Oeste,884.39,1240.01,2,174.3
2026-01-05T16:00:00,Centro-Oeste,887.05,1199.0,4,185.88
2026-01-05T17:00:00,Centro-Oeste,894.47,1151.25,3,195.34
2026-01-05T18:00:00,Centro-Oeste,988.52,1100.0,2,258.99
2026-01-05T19:00:00,Centro-Oeste,1037.66,1100.0,2,337.9
2026-01-05T20:00:00,Centro-Oeste,1002.04,1100.0,2,298.59
2026-01-05T21:00:00,Centro-Oeste,982.68,1100.0,2,264.7
2026-01-05T22:00:00,Centro-Oeste,872.67,1100.0,2,184.42
2026-01-05T23:00:00,Centro-Oeste,880.66,1100.0,2,184.61
2026-01-06T00:00:00,Centro-Oeste,819.74,1100.0,2,185.76
2026-01-06T01:00:00,Centro-Oeste,789.57,1100.0,2,166.84
2026-01-06T02:00:00,Centro-Oeste,706.13,1100.0,1,194.52
2026-01-06T03:00:00,Centro-Oeste,686.53,1100.0,1,184.6
2026-01-06T04:00:00,Centro-Oeste,648.5,1100.0,2,179.45
2026-01-06T05:00:00,Centro-Oeste,658.42,1100.0,3,175.02
2026-01-06T06:00:00,Centro-Oeste,614.02,1100.0,2,192.44
2026-01-06T07:00:00,Centro-Oeste,642.14,1151.25,2,180.49
2026-01-06T08:00:00,Centro-Oeste,621.02,1199.0,1,173.57
2026-01-06T09:00:00,Centro-Oeste,606.75,1240.01,3,178.08
2026-01-06T10:00:00,Centro-Oeste,655.92,1271.47,4,188.53
2026-01-06T11:00:00,Centro-Oeste,651.82,1291.25,2,172.47
2026-01-06T12:00:00,Centro-Oeste,794.41,1298.0,1,187.86
2026-01-06T13:00:00,Centro-Oeste,792.02,1291.25,3,175.97
2026-01-06T14:00:00,Centro-Oeste,853.41,1271.47,3,165.55
2026-01-06T15:00:00,Centro-Oeste,881.43,1240.01,2,174.59
2026-01-06T16:00:00,Centro-Oeste,922.25,1199.0,3,178.12
2026-01-06T17:00:00,Centro-Oeste,935.07,1151.25,3,210.44
2026-01-06T18:00:00,Centro-Oeste,993.89,1100.0,2,264.86
2026-01-06T19:00:00,Centro-Oeste,1091.61,1100.0,4,412.57
2026-01-06T20:00:00,Centro-Oeste,1024.14,1100.0,3,305.67
2026-01-06T21:00:00,Centro-Oeste,1028.23,1100.0,2,337.77
2026-01-06T22:00:00,Centro-Oeste,912.3,1100.0,3,211.56
2026-01-06T23:00:00,Centro-Oeste,857.91,1100.0,3,174.36
2026-01-07T00:00:00,Centro-Oeste,831.61,1100.0,2,166.67
2026-01-07T01:00:00,Centro-Oeste,749.42,1100.0,2,174.32
2026-01-07T02:00:00,Centro-Oeste,735.88,1100.0,2,174.19
2026-01-07T03:00:00,Centro-Oeste,690.14,1100.0,2,188.27
2026-01-07T04:00:00,Centro-Oeste,673.45,1100.0,1,169.4
2026-01-07T05:00:00,Centro-Oeste,664.73,1100.0,3,184.09
2026-01-07T06:00:00,Centro-Oeste,602.5,1100.0,2,180.88
2026-01-07T07:00:00,Centro-Oeste,588.95,1151.25,1,177.28
2026-01-07T08:00:00,Centro-Oeste,611.43,1199.0,2,174.9
2026-01-07T09:00:00,Centro-Oeste,618.09,1240.01,4,192.63
2026-01-07T10:00:00,Centro-Oeste,629.68,1271.47,2,178.22
2026-01-07T11:00:00,Centro-Oeste,696.93,1291.25,3,173.73
2026-01-07T12:00:00,Centro-Oeste,732.81,1298.0,2,178.07
2026-01-07T13:00:00,Centro-Oeste,782.04,1291.25,3,188.91
2026-01-07T14:00:00,Centro-Oeste,813.6,1271.47,2,179.88
2026-01-07T15:00:00,Centro-Oeste,918.45,1240.01,2,186.12
2026-01-07T16:00:00,Centro-Oeste,893.65,1199.0,3,171.35
2026-01-07T17:00:00,Centro-Oeste,933.91,1151.25,2,189.95
2026-01-07T18:00:00,Centro-Oeste,1047.85,1100.0,2,359.87
2026-01-07T19:00:00,Centro-Oeste,1016.78,1100.0,3,307.49
2026-01-07T20:00:00,Centro-Oeste,994.12,1100.0,2,283.6
2026-01-07T21:00:00,Centro-Oeste,971.8,1100.0,3,243.74
2026-01-07T22:00:00,Centro-Oeste,925.06,1100.0,4,225.4
2026-01-07T23:00:00,Centro-Oeste,872.71,1100.0,1,201.61
2026-01-08T00:00:00,Centro-Oeste,854.3,1100.0,2,172.6
2026-01-08T01:00:00,Centro-Oeste,779.79,1100.0,4,194.33
2026-01-08T02:00:00,Centro-Oeste,734.74,1100.0,1,183.85
2026-01-08T03:00:00,Centro-Oeste,680.16,1100.0,2,185.19
2026-01-08T04:00:00,Centro-Oeste,648.0,1100.0,4,182.71
2026-01-08T05:00:00,Centro-Oeste,629.71,1100.0,3,191.65
2026-01-08T06:00:00,Centro-Oeste,651.51,1100.0,1,180.92
2026-01-08T07:00:00,Centro-Oeste,624.18,1151.25,2,165.4
2026-01-08T08:00:00,Centro-Oeste,621.37,1199.0,1,173.98
2026-01-08T09:00:00,Centro-Oeste,602.35,1240.01,4,179.06
2026-01-08T10:00:00,Centro-Oeste,655.07,1271.47,2,182.42
2026-01-08T11:00:00,Centro-Oeste,706.53,1291.25,2,167.27
2026-01-08T12:00:00,Centro-Oeste,759.02,1298.0,2,177.08
2026-01-08T13:00:00,Centro-Oeste,797.53,1291.25,2,188.05
2026-01-08T14:00:00,Centro-Oeste,838.81,1271.47,2,177.14
2026-01-08T15:00:00,Centro-Oeste,877.4,1240.01,3,167.99
2026-01-08T16:00:00,Centro-Oeste,866.12,1199.0,3,169.63
2026-01-08T17:00:00,Centro-Oeste,958.46,1151.25,4,213.14
2026-01-08T18:00:00,Centro-Oeste,1050.54,1100.0,4,350.84
2026-01-08T19:00:00,Centro-Oeste,1039.95,1100.0,3,353.71
2026-01-08T20:00:00,Centro-Oeste,1014.89,1100.0,3,294.69
2026-01-08T21:00:00,Centro-Oeste,1023.61,1100.0,2,313.71
2026-01-08T22:00:00,Centro-Oeste,905.72,1100.0,2,195.88
2026-01-08T23:00:00,Centro-Oeste,865.11,1100.0,3,197.62
2026-01-09T00:00:00,Centro-Oeste,816.82,1100.0,2,165.56
2026-01-09T01:00:00,Centro-Oeste,767.58,1100.0,3,191.9
2026-01-09T02:00:00,Centro-Oeste,727.01,1100.0,2,175.53
2026-01-09T03:00:00,Centro-Oeste,684.12,1100.0,1,175.52
2026-01-09T04:00:00,Centro-Oeste,653.4,1100.0,1,181.15
2026-01-09T05:00:00,Centro-Oeste,626.79,1100.0,2,190.45
2026-01-09T06:00:00,Centro-Oeste,603.68,1100.0,3,188.64
2026-01-09T07:00:00,Centro-Oeste,606.82,1151.25,2,173.14
2026-01-09T08:00:00,Centro-Oeste,602.19,1199.0,4,189.56
2026-01-09T09:00:00,Centro-Oeste,641.72,1240.01,1,167.38
2026-01-09T10:00:00,Centro-Oeste,660.48,1271.47,2,176.22
2026-01-09T11:00:00,Centro-Oeste,675.98,1291.25,1,179.17
2026-01-09T12:00:00,Centro-Oeste,720.48,1298.0,2,180.75
2026-01-09T13:00:00,Centro-Oeste,763.33,1291.25,2,180.08
2026-01-09T14:00:00,Centro-Oeste,822.05,1271.47,2,165.59
2026-01-09T15:00:00,Centro-Oeste,853.5,1240.01,4,184.52
2026-01-09T16:00:00,Centro-Oeste,848.62,1199.0,2,189.65
2026-01-09T17:00:00,Centro-Oeste,924.6,1151.25,2,187.89
2026-01-09T18:00:00,Centro-Oeste,1030.37,1100.0,1,320.23
2026-01-09T19:00:00,Centro-Oeste,990.25,1100.0,2,276.88
2026-01-09T20:00:00,Centro-Oeste,1061.92,1100.0,3,367.25
2026-01-09T21:00:00,Centro-Oeste,1029.58,1100.0,3,318.1
2026-01-09T22:00:00,Centro-Oeste,918.83,1100.0,3,201.24
2026-01-09T23:00:00,Centro-Oeste,848.92,1100.0,3,183.36
2026-01-10T00:00:00,Centro-Oeste,758.56,1100.0,2,172.37
2026-01-10T01:00:00,Centro-Oeste,713.17,1100.0,3,166.45
2026-01-10T02:00:00,Centro-Oeste,672.23,1100.0,3,165.94
2026-01-10T03:00:00,Centro-Oeste,647.13,1100.0,2,194.73
2026-01-10T04:00:00,Centro-Oeste,621.03,1100.0,2,174.1
2026-01-10T05:00:00,Centro-Oeste,593.8,1100.0,1,192.54
2026-01-10T06:00:00,Centro-Oeste,621.96,1100.0,2,168.32
2026-01-10T07:00:00,Centro-Oeste,588.48,1151.25,3,191.9
2026-01-10T08:00:00,Centro-Oeste,579.4,1199.0,2,194.77
2026-01-10T09:00:00,Centro-Oeste,582.38,1240.01,2,180.51
2026-01-10T10:00:00,Centro-Oeste,622.25,1271.47,2,180.38
2026-01-10T11:00:00,Centro-Oeste,651.45,1291.25,2,184.85
2026-01-10T12:00:00,Centro-Oeste,704.88,1298.0,4,167.64
2026-01-10T13:00:00,Centro-Oeste,746.7,1291.25,3,174.01
2026-01-10T14:00:00,Centro-Oeste,755.15,1271.47,3,175.84
2026-01-10T15:00:00,Centro-Oeste,798.49,1240.01,3,169.6
2026-01-10T16:00:00,Centro-Oeste,821.99,1199.0,3,189.78
2026-01-10T17:00:00,Centro-Oeste,853.67,1151.25,1,166.54
2026-01-10T18:00:00,Centro-Oeste,972.45,1100.0,2,255.55
2026-01-10T19:00:00,Centro-Oeste,969.2,1100.0,2,254.65
2026-01-10T20:00:00,Centro-Oeste,919.29,1100.0,3,210.08
2026-01-10T21:00:00,Centro-Oeste,934.89,1100.0,3,210.52
2026-01-10T22:00:00,Centro-Oeste,882.23,1100.0,3,203.31
2026-01-10T23:00:00,Centro-Oeste,806.83,1100.0,3,193.68
2026-01-11T00:00:00,Centro-Oeste,743.66,1100.0,3,165.55
2026-01-11T01:00:00,Centro-Oeste,749.25,1100.0,2,172.11
2026-01-11T02:00:00,Centro-Oeste,675.62,1100.0,2,191.72
2026-01-11T03:00:00,Centro-Oeste,623.03,1100.0,2,181.78
2026-01-11T04:00:00,Centro-Oeste,635.16,1100.0,1,192.71
2026-01-11T05:00:00,Centro-Oeste,570.31,1100.0,4,180.21
2026-01-11T06:00:00,Centro-Oeste,576.27,1100.0,3,187.79
2026-01-11T07:00:00,Centro-Oeste,557.5,1151.25,1,188.74
2026-01-11T08:00:00,Centro-Oeste,585.22,1199.0,2,181.25
2026-01-11T09:00:00,Centro-Oeste,628.1,1240.01,3,180.89
2026-01-11T10:00:00,Centro-Oeste,623.02,1271.47,2,167.32
2026-01-11T11:00:00,Centro-Oeste,669.26,1291.25,1,190.03
2026-01-11T12:00:00,Centro-Oeste,707.98,1298.0,4,168.2
2026-01-11T13:00:00,Centro-Oeste,728.61,1291.25,2,171.28
2026-01-11T14:00:00,Centro-Oeste,776.44,1271.47,1,194.41
2026-01-11T15:00:00,Centro-Oeste,823.54,1240.01,3,191.01
2026-01-11T16:00:00,Centro-Oeste,802.13,1199.0,3,188.86
2026-01-11T17:00:00,Centro-Oeste,850.19,1151.25,1,193.95
2026-01-11T18:00:00,Centro-Oeste,947.49,1100.0,3,222.05
2026-01-11T19:00:00,Centro-Oeste,953.34,1100.0,2,244.38
2026-01-11T20:00:00,Centro-Oeste,939.28,1100.0,2,218.1
2026-01-11T21:00:00,Centro-Oeste,934.05,1100.0,3,217.67
2026-01-11T22:00:00,Centro-Oeste,815.63,1100.0,2,171.13
2026-01-11T23:00:00,Centro-Oeste,799.28,1100.0,2,185.82
2026-01-12T00:00:00,Centro-Oeste,843.9,1100.0,2,187.8
2026-01-12T01:00:00,Centro-Oeste,755.03,1100.0,1,176.78
2026-01-12T02:00:00,Centro-Oeste,725.33,1100.0,3,183.25
2026-01-12T03:00:00,Centro-Oeste,685.48,1100.0,3,179.75
2026-01-12T04:00:00,Centro-Oeste,672.12,1100.0,1,178.33
2026-01-12T05:00:00,Centro-Oeste,653.04,1100.0,2,187.03
2026-01-12T06:00:00,Centro-Oeste,603.85,1100.0,2,177.54
2026-01-12T07:00:00,Centro-Oeste,608.21,1013.1,1,186.65
2026-01-12T08:00:00,Centro-Oeste,605.38,1055.12,2,189.86
2026-01-12T09:00:00,Centro-Oeste,620.61,1091.21,3,170.5
2026-01-12T10:00:00,Centro-Oeste,645.6,1118.9,2,173.52
2026-01-12T11:00:00,Centro-Oeste,666.01,1291.25,2,177.76
2026-01-12T12:00:00,Centro-Oeste,782.03,1298.0,2,171.43
2026-01-12T13:00:00,Centro-Oeste,735.93,1291.25,3,188.5
2026-01-12T14:00:00,Centro-Oeste,945.07,1271.47,1,184.9
2026-01-12T15:00:00,Centro-Oeste,912.57,1240.01,3,173.43
2026-01-12T16:00:00,Centro-Oeste,966.49,1199.0,3,201.24
2026-01-12T17:00:00,Centro-Oeste,1032.58,1151.25,3,266.39
2026-01-12T18:00:00,Centro-Oeste,1162.57,1100.0,2,564.39
2026-01-12T19:00:00,Centro-Oeste,1105.8,1100.0,3,448.18
2026-01-12T20:00:00,Centro-Oeste,1048.84,1100.0,3,353.7
2026-01-12T21:00:00,Centro-Oeste,1162.91,1100.0,1,584.98
2026-01-12T22:00:00,Centro-Oeste,1082.32,1100.0,2,413.68
2026-01-12T23:00:00,Centro-Oeste,991.25,1100.0,3,275.6
2026-01-13T00:00:00,Centro-Oeste,961.52,1100.0,3,242.62
2026-01-13T01:00:00,Centro-Oeste,811.03,1100.0,1,194.74
2026-01-13T02:00:00,Centro-Oeste,852.15,1100.0,2,174.86
2026-01-13T03:00:00,Centro-Oeste,788.88,1100.0,2,177.24
2026-01-13T04:00:00,Centro-Oeste,705.97,1100.0,3,169.59
2026-01-13T05:00:00,Centro-Oeste,754.13,1100.0,2,181.74
2026-01-13T06:00:00,Centro-Oeste,699.81,1100.0,4,191.62
2026-01-13T07:00:00,Centro-Oeste,682.21,1151.25,1,168.06
2026-01-13T08:00:00,Centro-Oeste,633.9,1199.0,3,165.24
2026-01-13T09:00:00,Centro-Oeste,683.73,1240.01,2,179.95
2026-01-13T10:00:00,Centro-Oeste,699.96,1271.47,2,173.61
2026-01-13T11:00:00,Centro-Oeste,750.11,1291.25,3,187.09
2026-01-13T12:00:00,Centro-Oeste,834.59,1298.0,3,174.8
2026-01-13T13:00:00,Centro-Oeste,864.02,1291.25,3,178.73
2026-01-13T14:00:00,Centro-Oeste,929.7,1271.47,1,182.68
2026-01-13T15:00:00,Centro-Oeste,1021.53,1240.01,3,198.52
2026-01-13T16:00:00,Centro-Oeste,1000.61,1199.0,2,211.89
2026-01-13T17:00:00,Centro-Oeste,1036.03,1151.25,2,276.95
2026-01-13T18:00:00,Centro-Oeste,1151.21,1100.0,2,552.63
2026-01-13T19:00:00,Centro-Oeste,1184.67,1100.0,3,635.3
2026-01-13T20:00:00,Centro-Oeste,1177.59,1100.0,2,606.51
2026-01-13T21:00:00,Centro-Oeste,1134.63,1100.0,4,520.91
2026-01-13T22:00:00,Centro-Oeste,968.51,1100.0,3,255.75
2026-01-13T23:00:00,Centro-Oeste,973.99,1100.0,3,264.74
2026-01-14T00:00:00,Centro-Oeste,861.83,1100.0,3,176.19
2026-01-14T01:00:00,Centro-Oeste,832.1,1100.0,2,181.04
2026-01-14T02:00:00,Centro-Oeste,778.65,1100.0,3,168.68
2026-01-14T03:00:00,Centro-Oeste,740.22,1100.0,1,183.33
2026-01-14T04:00:00,Centro-Oeste,764.09,1100.0,2,171.61
2026-01-14T05:00:00,Centro-Oeste,707.8,1100.0,3,178.43
2026-01-14T06:00:00,Centro-Oeste,691.67,1100.0,4,182.98
2026-01-14T07:00:00,Centro-Oeste,677.2,1151.25,4,192.61
2026-01-14T08:00:00,Centro-Oeste,619.46,1199.0,2,165.99
2026-01-14T09:00:00,Centro-Oeste,691.2,1240.01,2,190.38
2026-01-14T10:00:00,Centro-Oeste,721.07,1271.47,2,183.39
2026-01-14T11:00:00,Centro-Oeste,739.36,1291.25,1,171.31
2026-01-14T12:00:00,Centro-Oeste,783.45,1298.0,2,186.46
2026-01-14T13:00:00,Centro-Oeste,901.92,1291.25,1,176.07
2026-01-14T14:00:00,Centro-Oeste,1002.88,1271.47,1,171.63
2026-01-14T15:00:00,Centro-Oeste,976.61,1240.01,3,185.46
2026-01-14T16:00:00,Centro-Oeste,1092.18,1199.0,1,297.1
2026-01-14T17:00:00,Centro-Oeste,988.1,1151.25,2,218.51
2026-01-14T18:00:00,Centro-Oeste,1248.07,1100.0,1,812.99
2026-01-14T19:00:00,Centro-Oeste,1160.08,1100.0,1,561.89
2026-01-14T20:00:00,Centro-Oeste,1138.76,1100.0,3,508.87
2026-01-14T21:00:00,Centro-Oeste,1164.84,1100.0,2,577.11
2026-01-14T22:00:00,Centro-Oeste,992.96,1100.0,3,264.29
2026-01-14T23:00:00,Centro-Oeste,1004.64,1100.0,2,301.95
2026-01-15T00:00:00,Centro-Oeste,901.02,1100.0,2,203.04
2026-01-15T01:00:00,Centro-Oeste,858.9,1100.0,4,183.93
2026-01-15T02:00:00,Centro-Oeste,798.84,1100.0,2,172.27
2026-01-15T03:00:00,Centro-Oeste,761.5,1100.0,3,166.92
2026-01-15T04:00:00,Centro-Oeste,768.86,1100.0,2,183.74
2026-01-15T05:00:00,Centro-Oeste,677.99,1100.0,3,186.84
2026-01-15T06:00:00,Centro-Oeste,705.63,1100.0,1,192.28
2026-01-15T07:00:00,Centro-Oeste,674.99,1151.25,2,191.26
2026-01-15T08:00:00,Centro-Oeste,661.03,1199.0,2,183.87
2026-01-15T09:00:00,Centro-Oeste,742.74,1240.01,2,173.94
2026-01-15T10:00:00,Centro-Oeste,785.63,1271.47,2,185.07
2026-01-15T11:00:00,Centro-Oeste,777.7,1291.25,2,186.52
2026-01-15T12:00:00,Centro-Oeste,822.61,1298.0,3,178.95
2026-01-15T13:00:00,Centro-Oeste,856.71,1291.25,1,184.59
2026-01-15T14:00:00,Centro-Oeste,863.2,1271.47,2,182.97
2026-01-15T15:00:00,Centro-Oeste,951.74,1240.01,2,175.79
2026-01-15T16:00:00,Centro-Oeste,997.83,1199.0,2,205.24
2026-01-15T17:00:00,Centro-Oeste,1080.18,1151.25,1,342.34
2026-01-15T18:00:00,Centro-Oeste,1050.21,1100.0,2,357.15
2026-01-15T19:00:00,Centro-Oeste,1107.15,1100.0,3,465.51
2026-01-15T20:00:00,Centro-Oeste,1146.63,1100.0,1,533.03
2026-01-15T21:00:00,Centro-Oeste,1136.06,1100.0,2,529.23
2026-01-15T22:00:00,Centro-Oeste,937.8,1100.0,2,235.07
2026-01-15T23:00:00,Centro-Oeste,1011.24,1100.0,2,285.72
2026-01-16T00:00:00,Centro-Oeste,893.2,1100.0,2,193.91
2026-01-16T01:00:00,Centro-Oeste,873.18,1100.0,1,174.19
2026-01-16T02:00:00,Centro-Oeste,806.69,1100.0,3,167.53
2026-01-16T03:00:00,Centro-Oeste,748.37,1100.0,3,165.0
2026-01-16T04:00:00,Centro-Oeste,733.3,1100.0,2,170.65
2026-01-16T05:00:00,Centro-Oeste,712.77,1100.0,2,176.78
2026-01-16T06:00:00,Centro-Oeste,696.47,1100.0,2,176.19
2026-01-16T07:00:00,Centro-Oeste,692.45,1151.25,2,194.69
2026-01-16T08:00:00,Centro-Oeste,655.67,1199.0,2,189.43
2026-01-16T09:00:00,Centro-Oeste,719.68,1240.01,2,186.35
2026-01-16T10:00:00,Centro-Oeste,736.66,1271.47,1,176.19
2026-01-16T11:00:00,Centro-Oeste,802.47,1291.25,2,171.79
2026-01-16T12:00:00,Centro-Oeste,709.89,1298.0,4,169.36
2026-01-16T13:00:00,Centro-Oeste,779.46,1291.25,4,186.24
2026-01-16T14:00:00,Centro-Oeste,814.47,1271.47,3,169.98
2026-01-16T15:00:00,Centro-Oeste,820.9,1240.01,4,186.76
2026-01-16T16:00:00,Centro-Oeste,939.55,1199.0,2,196.8
2026-01-16T17:00:00,Centro-Oeste,962.53,1151.25,2,226.0
2026-01-16T18:00:00,Centro-Oeste,1018.8,1100.0,2,320.12
2026-01-16T19:00:00,Centro-Oeste,1055.38,1100.0,3,359.87
2026-01-16T20:00:00,Centro-Oeste,1022.45,1100.0,2,313.03
2026-01-16T21:00:00,Centro-Oeste,1012.32,1100.0,3,307.79
2026-01-16T22:00:00,Centro-Oeste,886.6,1100.0,3,182.17
2026-01-16T23:00:00,Centro-Oeste,861.4,1100.0,1,177.28
2026-01-17T00:00:00,Centro-Oeste,751.12,1100.0,2,188.55
2026-01-17T01:00:00,Centro-Oeste,723.74,1100.0,3,179.97
2026-01-17T02:00:00,Centro-Oeste,730.69,1100.0,3,168.8
2026-01-17T03:00:00,Centro-Oeste,651.18,1100.0,2,167.88
2026-01-17T04:00:00,Centro-Oeste,595.31,1100.0,2,179.15
2026-01-17T05:00:00,Centro-Oeste,655.33,1100.0,1,171.06
2026-01-17T06:00:00,Centro-Oeste,549.39,1100.0,2,178.98
2026-01-17T07:00:00,Centro-Oeste,549.1,1151.25,2,176.86
2026-01-17T08:00:00,Centro-Oeste,563.32,1199.0,3,172.15
2026-01-17T09:00:00,Centro-Oeste,563.52,1240.01,3,169.06
2026-01-17T10:00:00,Centro-Oeste,611.57,1271.47,3,166.02
2026-01-17T11:00:00,Centro-Oeste,630.09,1291.25,1,186.31
2026-01-17T12:00:00,Centro-Oeste,688.39,1298.0,2,187.69
2026-01-17T13:00:00,Centro-Oeste,696.97,1291.25,2,194.51
2026-01-17T14:00:00,Centro-Oeste,761.53,1271.47,3,167.45
2026-01-17T15:00:00,Centro-Oeste,819.6,1240.01,1,194.08
2026-01-17T16:00:00,Centro-Oeste,814.92,1199.0,1,172.43
2026-01-17T17:00:00,Centro-Oeste,844.49,1151.25,1,165.53
2026-01-17T18:00:00,Centro-Oeste,954.13,1100.0,3,237.26
2026-01-17T19:00:00,Centro-Oeste,1026.37,1100.0,3,317.12
2026-01-17T20:00:00,Centro-Oeste,962.53,1100.0,3,238.24
2026-01-17T21:00:00,Centro-Oeste,925.74,1100.0,3,225.15
2026-01-17T22:00:00,Centro-Oeste,818.48,1100.0,2,189.13
2026-01-17T23:00:00,Centro-Oeste,774.76,1100.0,2,168.76
2026-01-18T00:00:00,Centro-Oeste,765.1,1100.0,2,184.17
2026-01-18T01:00:00,Centro-Oeste,740.67,1100.0,3,176.05
2026-01-18T02:00:00,Centro-Oeste,694.4,1100.0,2,166.8
2026-01-18T03:00:00,Centro-Oeste,633.76,1100.0,2,183.83
2026-01-18T04:00:00,Centro-Oeste,593.36,1100.0,3,180.61
2026-01-18T05:00:00,Centro-Oeste,589.51,1100.0,2,166.94
2026-01-18T06:00:00,Centro-Oeste,546.21,1100.0,3,182.7
2026-01-18T07:00:00,Centro-Oeste,549.67,1151.25,2,165.14
2026-01-18T08:00:00,Centro-Oeste,570.01,1199.0,3,189.41
2026-01-18T09:00:00,Centro-Oeste,592.57,1240.01,1,189.45
2026-01-18T10:00:00,Centro-Oeste,602.98,1271.47,3,181.52
2026-01-18T11:00:00,Centro-Oeste,665.5,1291.25,3,184.73
2026-01-18T12:00:00,Centro-Oeste,684.14,1298.0,4,187.42
2026-01-18T13:00:00,Centro-Oeste,719.52,1291.25,1,186.2
2026-01-18T14:00:00,Centro-Oeste,755.95,1271.47,2,173.7
2026-01-18T15:00:00,Centro-Oeste,798.77,1240.01,1,166.62
2026-01-18T16:00:00,Centro-Oeste,813.53,1199.0,2,193.99
2026-01-18T17:00:00,Centro-Oeste,839.9,1151.25,3,177.46
2026-01-18T18:00:00,Centro-Oeste,923.4,1100.0,2,225.98
2026-01-18T19:00:00,Centro-Oeste,960.28,1100.0,3,248.67
2026-01-18T20:00:00,Centro-Oeste,938.51,1100.0,3,236.1
2026-01-18T21:00:00,Centro-Oeste,971.59,1100.0,2,262.64
2026-01-18T22:00:00,Centro-Oeste,803.21,1100.0,2,170.28
2026-01-18T23:00:00,Centro-Oeste,779.25,1100.0,3,179.56
2026-01-05T00:00:00,Sudeste,3875.45,5350.0,3,172.49
2026-01-05T01:00:00,Sudeste,3856.87,5350.0,3,172.73
2026-01-05T02:00:00,Sudeste,3775.31,5350.0,3,184.16
2026-01-05T03:00:00,Sudeste,3587.74,5350.0,1,175.72
2026-01-05T04:00:00,Sudeste,3414.57,5350.0,2,167.54
2026-01-05T05:00:00,Sudeste,3181.93,5350.0,3,168.83
2026-01-05T06:00:00,Sudeste,3126.74,5350.0,1,177.36
2026-01-05T07:00:00,Sudeste,3046.67,5557.7,4,190.96
2026-01-05T08:00:00,Sudeste,3136.01,5751.25,1,171.84
2026-01-05T09:00:00,Sudeste,3235.42,5917.45,2,177.02
2026-01-05T10:00:00,Sudeste,3057.32,6044.99,3,184.15
2026-01-05T11:00:00,Sudeste,3491.2,6125.16,3,177.82
2026-01-05T12:00:00,Sudeste,3776.1,6152.5,3,178.86
2026-01-05T13:00:00,Sudeste,3931.63,6125.16,2,184.04
2026-01-05T14:00:00,Sudeste,4069.27,6044.99,2,172.57
2026-01-05T15:00:00,Sudeste,4508.26,5917.45,2,169.48
2026-01-05T16:00:00,Sudeste,4500.88,5751.25,1,177.35
2026-01-05T17:00:00,Sudeste,4559.85,5557.7,2,209.75
2026-01-05T18:00:00,Sudeste,5245.44,5350.0,4,408.13
2026-01-05T19:00:00,Sudeste,5357.31,5350.0,3,442.77
2026-01-05T20:00:00,Sudeste,5182.04,5350.0,3,393.59
2026-01-05T21:00:00,Sudeste,4724.62,5350.0,2,242.92
2026-01-05T22:00:00,Sudeste,4853.67,5350.0,4,284.2
2026-01-05T23:00:00,Sudeste,4239.99,5350.0,2,183.7
2026-01-06T00:00:00,Sudeste,4191.0,5350.0,2,185.63
2026-01-06T01:00:00,Sudeste,3880.24,5350.0,4,170.84
2026-01-06T02:00:00,Sudeste,3730.23,5350.0,4,167.2
2026-01-06T03:00:00,Sudeste,3504.41,5350.0,3,170.14
2026-01-06T04:00:00,Sudeste,3315.15,5350.0,3,192.65
2026-01-06T05:00:00,Sudeste,3240.06,5350.0,2,166.83
2026-01-06T06:00:00,Sudeste,2790.57,5350.0,3,168.06
2026-01-06T07:00:00,Sudeste,2923.11,5557.7,4,178.07
2026-01-06T08:00:00,Sudeste,3087.84,5751.25,3,192.47
2026-01-06T09:00:00,Sudeste,3175.24,5917.45,1,172.41
2026-01-06T10:00:00,Sudeste,3294.8,6044.99,3,183.76
2026-01-06T11:00:00,Sudeste,3534.36,6125.16,2,176.2
2026-01-06T12:00:00,Sudeste,3809.27,6152.5,1,183.79
2026-01-06T13:00:00,Sudeste,4210.8,6125.16,3,184.62
2026-01-06T14:00:00,Sudeste,3812.97,6044.99,3,167.26
2026-01-06T15:00:00,Sudeste,4346.08,5917.45,2,169.6
2026-01-06T16:00:00,Sudeste,4539.36,5751.25,4,189.94
2026-01-06T17:00:00,Sudeste,4841.21,5557.7,4,238.88
2026-01-06T18:00:00,Sudeste,4967.41,5350.0,2,318.2
2026-01-06T19:00:00,Sudeste,5306.16,5350.0,2,411.26
2026-01-06T20:00:00,Sudeste,5167.04,5350.0,3,363.6
2026-01-06T21:00:00,Sudeste,4908.43,5350.0,2,306.35
2026-01-06T22:00:00,Sudeste,4547.08,5350.0,3,213.92
2026-01-06T23:00:00,Sudeste,4222.65,5350.0,3,181.32
2026-01-07T00:00:00,Sudeste,4105.58,5350.0,2,179.18
2026-01-07T01:00:00,Sudeste,3841.96,5350.0,4,187.2
2026-01-07T02:00:00,Sudeste,3923.94,5350.0,2,192.45
2026-01-07T03:00:00,Sudeste,3387.73,5350.0,4,186.7
2026-01-07T04:00:00,Sudeste,3208.01,5350.0,2,182.08
2026-01-07T05:00:00,Sudeste,3124.34,5350.0,4,169.04
2026-01-07T06:00:00,Sudeste,3120.63,5350.0,4,191.28
2026-01-07T07:00:00,Sudeste,2940.03,5557.7,1,171.67
2026-01-07T08:00:00,Sudeste,3036.39,5751.25,2,181.26
2026-01-07T09:00:00,Sudeste,3210.42,5917.45,1,175.06
2026-01-07T10:00:00,Sudeste,3373.17,6044.99,2,193.0
2026-01-07T11:00:00,Sudeste,3354.49,6125.16,3,179.06
2026-01-07T12:00:00,Sudeste,3668.51,6152.5,2,194.77
2026-01-07T13:00:00,Sudeste,3763.95,6125.16,1,166.54
2026-01-07T14:00:00,Sudeste,4110.29,6044.99,3,172.01
2026-01-07T15:00:00,Sudeste,4236.5,5917.45,2,188.39
2026-01-07T16:00:00,Sudeste,4571.37,5751.25,3,199.07
2026-01-07T17:00:00,Sudeste,4675.38,5557.7,1,200.72
2026-01-07T18:00:00,Sudeste,4951.27,5350.0,1,313.67
2026-01-07T19:00:00,Sudeste,4897.2,5350.0,2,292.75
2026-01-07T20:00:00,Sudeste,4957.7,5350.0,2,325.86
2026-01-07T21:00:00,Sudeste,5352.27,5350.0,2,434.63
2026-01-07T22:00:00,Sudeste,4566.39,5350.0,3,212.81
2026-01-07T23:00:00,Sudeste,4311.03,5350.0,3,186.38
2026-01-08T00:00:00,Sudeste,4102.37,5350.0,2,189.02
2026-01-08T01:00:00,Sudeste,3860.26,5350.0,2,178.49
2026-01-08T02:00:00,Sudeste,3662.32,5350.0,2,182.63
2026-01-08T03:00:00,Sudeste,3386.89,5350.0,3,180.98
2026-01-08T04:00:00,Sudeste,3326.52,5350.0,2,169.49
2026-01-08T05:00:00,Sudeste,3139.02,5350.0,2,185.78
2026-01-08T06:00:00,Sudeste,3006.96,5350.0,1,171.86
2026-01-08T07:00:00,Sudeste,3118.64,5557.7,2,169.44
2026-01-08T08:00:00,Sudeste,3019.35,5751.25,2,165.72
2026-01-08T09:00:00,Sudeste,3267.53,5917.45,3,177.18
2026-01-08T10:00:00,Sudeste,3412.1,6044.99,2,184.83
2026-01-08T11:00:00,Sudeste,3363.28,6125.16,4,193.22
2026-01-08T12:00:00,Sudeste,3757.15,6152.5,1,193.01
2026-01-08T13:00:00,Sudeste,3770.23,6125.16,3,181.67
2026-01-08T14:00:00,Sudeste,4173.34,6044.99,3,188.18
2026-01-08T15:00:00,Sudeste,4195.38,5917.45,4,190.62
2026-01-08T16:00:00,Sudeste,4659.86,5751.25,3,190.89
2026-01-08T17:00:00,Sudeste,4479.17,5557.7,3,178.86
2026-01-08T18:00:00,Sudeste,5393.85,5350.0,2,448.29
2026-01-08T19:00:00,Sudeste,5098.43,5350.0,2,341.72
2026-01-08T20:00:00,Sudeste,4969.57,5350.0,4,327.04
2026-01-08T21:00:00,Sudeste,5369.27,5350.0,3,452.56
2026-01-08T22:00:00,Sudeste,4455.24,5350.0,2,202.11
2026-01-08T23:00:00,Sudeste,4455.75,5350.0,1,202.2
2026-01-09T00:00:00,Sudeste,4165.88,5350.0,2,183.72
2026-01-09T01:00:00,Sudeste,4219.07,5350.0,1,175.51
2026-01-09T02:00:00,Sudeste,3726.88,5350.0,3,185.18
2026-01-09T03:00:00,Sudeste,3435.44,5350.0,2,184.79
2026-01-09T04:00:00,Sudeste,3283.85,5350.0,2,193.12
2026-01-09T05:00:00,Sudeste,3147.53,5350.0,4,180.9
2026-01-09T06:00:00,Sudeste,3036.84,5350.0,4,166.98
2026-01-09T07:00:00,Sudeste,2960.31,5557.7,4,180.39
2026-01-09T08:00:00,Sudeste,3025.17,5751.25,3,175.76
2026-01-09T09:00:00,Sudeste,3011.4,5917.45,2,187.61
2026-01-09T10:00:00,Sudeste,3214.06,6044.99,4,173.1
2026-01-09T11:00:00,Sudeste,3411.92,6125.16,2,188.18
2026-01-09T12:00:00,Sudeste,3601.93,6152.5,2,186.35
2026-01-09T13:00:00,Sudeste,3970.03,6125.16,3,189.54
2026-01-09T14:00:00,Sudeste,3901.03,6044.99,1,185.03
2026-01-09T15:00:00,Sudeste,4358.58,5917.45,2,170.91
2026-01-09T16:00:00,Sudeste,4362.57,5751.25,2,185.45
2026-01-09T17:00:00,Sudeste,4784.39,5557.7,1,243.01
2026-01-09T18:00:00,Sudeste,5225.75,5350.0,3,407.7
2026-01-09T19:00:00,Sudeste,5220.73,5350.0,3,407.35
2026-01-09T20:00:00,Sudeste,5095.05,5350.0,4,342.17
2026-01-09T21:00:00,Sudeste,4986.0,5350.0,3,319.53
2026-01-09T22:00:00,Sudeste,4490.2,5350.0,3,213.9
2026-01-09T23:00:00,Sudeste,4293.15,5350.0,2,199.52
2026-01-10T00:00:00,Sudeste,3784.23,5350.0,3,173.97
2026-01-10T01:00:00,Sudeste,3500.35,5350.0,1,176.59
2026-01-10T02:00:00,Sudeste,3382.29,5350.0,3,188.8
2026-01-10T03:00:00,Sudeste,3362.28,5350.0,1,172.21
2026-01-10T04:00:00,Sudeste,3087.75,5350.0,2,190.61
2026-01-10T05:00:00,Sudeste,2849.29,5350.0,2,171.57
2026-01-10T06:00:00,Sudeste,2823.99,5350.0,2,175.47
2026-01-10T07:00:00,Sudeste,2843.95,5557.7,2,175.72
2026-01-10T08:00:00,Sudeste,2937.2,5751.25,1,192.98
2026-01-10T09:00:00,Sudeste,2925.74,5917.45,1,179.86
2026-01-10T10:00:00,Sudeste,3062.8,6044.99,3,184.38
2026-01-10T11:00:00,Sudeste,3217.46,6125.16,2,192.92
2026-01-10T12:00:00,Sudeste,3448.7,6152.5,2,180.55
2026-01-10T13:00:00,Sudeste,3611.72,6125.16,2,185.71
2026-01-10T14:00:00,Sudeste,3443.86,6044.99,2,182.87
2026-01-10T15:00:00,Sudeste,3957.7,5917.45,2,185.6
2026-01-10T16:00:00,Sudeste,4220.31,5751.25,1,174.43
2026-01-10T17:00:00,Sudeste,4317.12,5557.7,2,169.46
2026-01-10T18:00:00,Sudeste,4646.16,5350.0,2,230.81
2026-01-10T19:00:00,Sudeste,4983.49,5350.0,2,312.47
2026-01-10T20:00:00,Sudeste,4733.42,5350.0,4,269.39
2026-01-10T21:00:00,Sudeste,4708.84,5350.0,1,261.51
2026-01-10T22:00:00,Sudeste,4402.04,5350.0,4,190.69
2026-01-10T23:00:00,Sudeste,4041.92,5350.0,3,189.06
2026-01-11T00:00:00,Sudeste,3625.81,5350.0,3,190.83
2026-01-11T01:00:00,Sudeste,3976.05,5350.0,1,177.16
2026-01-11T02:00:00,Sudeste,3371.02,5350.0,3,184.14
2026-01-11T03:00:00,Sudeste,3307.02,5350.0,1,187.62
2026-01-11T04:00:00,Sudeste,3042.91,4708.0,2,169.88
2026-01-11T05:00:00,Sudeste,2914.82,4708.0,3,173.27
2026-01-11T06:00:00,Sudeste,2832.66,4708.0,4,173.73
2026-01-11T07:00:00,Sudeste,2860.99,4890.78,3,173.79
2026-01-11T08:00:00,Sudeste,2862.23,5061.1,1,189.01
2026-01-11T09:00:00,Sudeste,2923.4,5207.36,1,191.46
2026-01-11T10:00:00,Sudeste,3057.43,5319.59,2,181.61
2026-01-11T11:00:00,Sudeste,3134.01,6125.16,3,165.5
2026-01-11T12:00:00,Sudeste,3527.6,6152.5,1,191.74
2026-01-11T13:00:00,Sudeste,3493.22,6125.16,1,165.05
2026-01-11T14:00:00,Sudeste,3655.2,6044.99,1,180.49
2026-01-11T15:00:00,Sudeste,3921.15,5917.45,1,192.6
2026-01-11T16:00:00,Sudeste,4311.05,5751.25,2,170.63
2026-01-11T17:00:00,Sudeste,4081.12,5557.7,3,173.58
2026-01-11T18:00:00,Sudeste,4952.29,5350.0,3,309.83
2026-01-11T19:00:00,Sudeste,4741.4,5350.0,1,264.99
2026-01-11T20:00:00,Sudeste,4671.91,5350.0,2,235.14
2026-01-11T21:00:00,Sudeste,4797.06,5350.0,3,279.76
2026-01-11T22:00:00,Sudeste,4078.69,5350.0,1,181.64
2026-01-11T23:00:00,Sudeste,3827.47,5350.0,1,177.62
2026-01-12T00:00:00,Sudeste,4153.87,5350.0,1,187.48
2026-01-12T01:00:00,Sudeste,4080.17,5350.0,3,186.89
2026-01-12T02:00:00,Sudeste,3540.21,5350.0,2,190.93
2026-01-12T03:00:00,Sudeste,3508.81,5350.0,4,187.53
2026-01-12T04:00:00,Sudeste,3334.35,5350.0,3,188.21
2026-01-12T05:00:00,Sudeste,3178.32,5350.0,1,172.02
2026-01-12T06:00:00,Sudeste,3128.49,5350.0,3,168.52
2026-01-12T07:00:00,Sudeste,2804.71,5557.7,1,188.86
2026-01-12T08:00:00,Sudeste,3088.47,5751.25,3,169.29
2026-01-12T09:00:00,Sudeste,3157.51,5917.45,2,185.91
2026-01-12T10:00:00,Sudeste,3189.68,6044.99,2,183.14
2026-01-12T11:00:00,Sudeste,3352.38,6125.16,2,181.84
2026-01-12T12:00:00,Sudeste,3690.44,6152.5,1,193.93
2026-01-12T13:00:00,Sudeste,3712.85,6125.16,1,186.62
2026-01-12T14:00:00,Sudeste,4134.2,6044.99,2,178.1
2026-01-12T15:00:00,Sudeste,4138.43,5917.45,2,188.17
2026-01-12T16:00:00,Sudeste,4567.74,5751.25,2,187.67
2026-01-12T17:00:00,Sudeste,4721.8,5557.7,2,232.14
2026-01-12T18:00:00,Sudeste,5051.47,5350.0,2,329.28
2026-01-12T19:00:00,Sudeste,5192.07,5350.0,2,390.34
2026-01-12T20:00:00,Sudeste,5199.24,5350.0,2,381.25
2026-01-12T21:00:00,Sudeste,5093.94,5350.0,2,346.85
2026-01-12T22:00:00,Sudeste,4282.27,5350.0,2,188.49
2026-01-12T23:00:00,Sudeste,4307.29,5350.0,1,180.83
2026-01-13T00:00:00,Sudeste,4094.77,5350.0,2,183.08
2026-01-13T01:00:00,Sudeste,3956.27,5350.0,2,194.64
2026-01-13T02:00:00,Sudeste,3741.01,5350.0,2,172.23
2026-01-13T03:00:00,Sudeste,3479.88,5350.0,1,177.81
2026-01-13T04:00:00,Sudeste,3459.14,5350.0,1,187.15
2026-01-13T05:00:00,Sudeste,3179.81,5350.0,2,179.6
2026-01-13T06:00:00,Sudeste,3243.53,5350.0,3,191.51
2026-01-13T07:00:00,Sudeste,3139.0,5557.7,2,167.71
2026-01-13T08:00:00,Sudeste,3017.65,5751.25,1,172.7
2026-01-13T09:00:00,Sudeste,3363.21,5917.45,3,167.42
2026-01-13T10:00:00,Sudeste,3290.06,6044.99,3,169.65
2026-01-13T11:00:00,Sudeste,3369.38,6125.16,2,181.17
2026-01-13T12:00:00,Sudeste,3789.46,6152.5,2,170.64
2026-01-13T13:00:00,Sudeste,3882.63,6125.16,2,194.05
2026-01-13T14:00:00,Sudeste,4226.42,6044.99,2,180.65
2026-01-13T15:00:00,Sudeste,4046.07,5917.45,1,167.33
2026-01-13T16:00:00,Sudeste,4642.44,5751.25,2,203.86
2026-01-13T17:00:00,Sudeste,4611.51,5557.7,2,206.8
2026-01-13T18:00:00,Sudeste,4956.83,5350.0,2,317.56
2026-01-13T19:00:00,Sudeste,5294.4,5350.0,2,434.88
2026-01-13T20:00:00,Sudeste,4778.22,5350.0,3,265.46
2026-01-13T21:00:00,Sudeste,5136.72,5350.0,2,363.28
2026-01-13T22:00:00,Sudeste,4440.23,5350.0,3,215.88
2026-01-13T23:00:00,Sudeste,4390.34,5350.0,2,189.13
2026-01-14T00:00:00,Sudeste,4244.58,5350.0,2,190.39
2026-01-14T01:00:00,Sudeste,3774.89,5350.0,2,175.23
2026-01-14T02:00:00,Sudeste,3599.91,5350.0,2,170.46
2026-01-14T03:00:00,Sudeste,3461.34,5350.0,2,187.01
2026-01-14T04:00:00,Sudeste,3281.43,5350.0,1,165.43
2026-01-14T05:00:00,Sudeste,3108.98,5350.0,2,166.91
2026-01-14T06:00:00,Sudeste,2929.11,5350.0,4,193.27
2026-01-14T07:00:00,Sudeste,3104.24,5557.7,2,177.31
2026-01-14T08:00:00,Sudeste,3079.79,5751.25,4,194.92
2026-01-14T09:00:00,Sudeste,3118.71,5917.45,1,176.79
2026-01-14T10:00:00,Sudeste,3359.55,6044.99,2,191.52
2026-01-14T11:00:00,Sudeste,3351.99,6125.16,1,181.2
2026-01-14T12:00:00,Sudeste,3498.5,6152.5,4,186.57
2026-01-14T13:00:00,Sudeste,4527.67,6125.16,2,193.15
2026-01-14T14:00:00,Sudeste,5031.26,6044.99,2,219.94
2026-01-14T15:00:00,Sudeste,4590.01,5917.45,1,187.25
2026-01-14T16:00:00,Sudeste,5028.16,5751.25,1,236.16
2026-01-14T17:00:00,Sudeste,4947.49,5557.7,1,256.07
2026-01-14T18:00:00,Sudeste,5696.02,5350.0,1,602.87
2026-01-14T19:00:00,Sudeste,5946.1,5350.0,1,736.81
2026-01-14T20:00:00,Sudeste,5722.23,5350.0,2,623.14
2026-01-14T21:00:00,Sudeste,5256.07,5350.0,4,421.83
2026-01-14T22:00:00,Sudeste,5059.96,5350.0,3,338.01
2026-01-14T23:00:00,Sudeste,4874.24,5350.0,2,291.68
2026-01-15T00:00:00,Sudeste,4590.19,5350.0,2,236.24
2026-01-15T01:00:00,Sudeste,4310.12,5350.0,2,199.53
2026-01-15T02:00:00,Sudeste,4413.46,5350.0,3,196.06
2026-01-15T03:00:00,Sudeste,3800.15,5350.0,3,170.62
2026-01-15T04:00:00,Sudeste,3545.15,5350.0,2,187.56
2026-01-15T05:00:00,Sudeste,3462.53,5350.0,1,194.44
2026-01-15T06:00:00,Sudeste,3291.61,5350.0,2,176.0
2026-01-15T07:00:00,Sudeste,3396.68,5557.7,1,175.24
2026-01-15T08:00:00,Sudeste,3354.61,5751.25,2,174.6
2026-01-15T09:00:00,Sudeste,3726.95,5917.45,3,166.49
2026-01-15T10:00:00,Sudeste,3571.58,6044.99,3,190.04
2026-01-15T11:00:00,Sudeste,3913.58,6125.16,2,185.63
2026-01-15T12:00:00,Sudeste,4203.45,6152.5,1,187.57
2026-01-15T13:00:00,Sudeste,4194.07,6125.16,4,182.52
2026-01-15T14:00:00,Sudeste,4601.63,6044.99,2,188.03
2026-01-15T15:00:00,Sudeste,4972.94,5917.45,3,207.14
2026-01-15T16:00:00,Sudeste,4816.5,5751.25,1,203.34
2026-01-15T17:00:00,Sudeste,4900.05,5557.7,3,248.27
2026-01-15T18:00:00,Sudeste,5650.8,5350.0,3,561.01
2026-01-15T19:00:00,Sudeste,5766.43,5350.0,1,640.68
2026-01-15T20:00:00,Sudeste,5621.41,5350.0,1,567.13
2026-01-15T21:00:00,Sudeste,5627.35,5350.0,4,572.78
2026-01-15T22:00:00,Sudeste,5225.12,5350.0,1,398.52
2026-01-15T23:00:00,Sudeste,4706.95,5350.0,3,260.83
2026-01-16T00:00:00,Sudeste,4543.09,5350.0,1,229.42
2026-01-16T01:00:00,Sudeste,4227.15,5350.0,1,176.54
2026-01-16T02:00:00,Sudeste,4058.95,5350.0,2,178.31
2026-01-16T03:00:00,Sudeste,3813.72,5350.0,3,173.24
2026-01-16T04:00:00,Sudeste,3775.08,5350.0,4,168.27
2026-01-16T05:00:00,Sudeste,3551.33,5350.0,1,167.05
2026-01-16T06:00:00,Sudeste,3532.04,5350.0,2,189.0
2026-01-16T07:00:00,Sudeste,3261.25,5557.7,3,192.03
2026-01-16T08:00:00,Sudeste,3294.31,5751.25,1,170.86
2026-01-16T09:00:00,Sudeste,3642.1,5917.45,3,181.66
2026-01-16T10:00:00,Sudeste,3671.72,6044.99,2,178.86
2026-01-16T11:00:00,Sudeste,3849.09,6125.16,2,171.94
2026-01-16T12:00:00,Sudeste,4322.95,6152.5,2,172.87
2026-01-16T13:00:00,Sudeste,4358.7,6125.16,3,166.42
2026-01-16T14:00:00,Sudeste,4526.34,6044.99,1,194.1
2026-01-16T15:00:00,Sudeste,4432.59,5917.45,2,190.57
2026-01-16T16:00:00,Sudeste,4933.61,5751.25,1,231.01
2026-01-16T17:00:00,Sudeste,5007.81,5557.7,3,288.86
2026-01-16T18:00:00,Sudeste,5954.86,5350.0,1,724.24
2026-01-16T19:00:00,Sudeste,5825.35,5350.0,3,664.34
2026-01-16T20:00:00,Sudeste,5706.11,5350.0,3,589.61
2026-01-16T21:00:00,Sudeste,5594.84,5350.0,2,550.56
2026-01-16T22:00:00,Sudeste,5107.96,5350.0,3,363.62
2026-01-16T23:00:00,Sudeste,4800.26,5350.0,2,260.16
2026-01-17T00:00:00,Sudeste,4267.53,5350.0,1,181.51
2026-01-17T01:00:00,Sudeste,3604.39,5350.0,3,186.25
2026-01-17T02:00:00,Sudeste,3620.2,5350.0,3,170.51
2026-01-17T03:00:00,Sudeste,3680.59,5350.0,3,179.0
2026-01-17T04:00:00,Sudeste,3265.73,5350.0,1,185.06
2026-01-17T05:00:00,Sudeste,3204.54,5350.0,2,181.34
2026-01-17T06:00:00,Sudeste,3093.31,5350.0,2,191.01
2026-01-17T07:00:00,Sudeste,3104.19,5557.7,3,193.47
2026-01-17T08:00:00,Sudeste,3237.51,5751.25,2,194.38
2026-01-17T09:00:00,Sudeste,3167.4,5917.45,1,172.07
2026-01-17T10:00:00,Sudeste,3500.72,6044.99,2,170.5
2026-01-17T11:00:00,Sudeste,3598.34,6125.16,2,194.96
2026-01-17T12:00:00,Sudeste,4112.28,6152.5,2,177.22
2026-01-17T13:00:00,Sudeste,3975.52,6125.16,3,189.01
2026-01-17T14:00:00,Sudeste,4431.12,6044.99,3,192.92
2026-01-17T15:00:00,Sudeste,4365.22,5917.45,4,189.04
2026-01-17T16:00:00,Sudeste,5041.28,5751.25,1,256.51
2026-01-17T17:00:00,Sudeste,4844.85,5557.7,3,240.04
2026-01-17T18:00:00,Sudeste,5191.41,5350.0,3,387.64
2026-01-17T19:00:00,Sudeste,5241.32,5350.0,3,415.27
2026-01-17T20:00:00,Sudeste,5482.65,5350.0,2,497.36
2026-01-17T21:00:00,Sudeste,5128.67,5350.0,1,358.97
2026-01-17T22:00:00,Sudeste,4457.98,5350.0,2,202.8
2026-01-17T23:00:00,Sudeste,4411.82,5350.0,1,216.81
2026-01-18T00:00:00,Sudeste,4353.8,5350.0,1,193.8
2026-01-18T01:00:00,Sudeste,4120.8,5350.0,2,189.65
2026-01-18T02:00:00,Sudeste,3517.54,5350.0,1,188.71
2026-01-18T03:00:00,Sudeste,3450.58,5350.0,4,171.36
2026-01-18T04:00:00,Sudeste,3587.49,5350.0,2,193.77
2026-01-18T05:00:00,Sudeste,3223.56,5350.0,3,169.85
2026-01-18T06:00:00,Sudeste,3167.22,5350.0,1,190.86
2026-01-18T07:00:00,Sudeste,3283.78,5557.7,2,169.42
2026-01-18T08:00:00,Sudeste,3071.82,5751.25,2,177.53
2026-01-18T09:00:00,Sudeste,3127.88,5917.45,3,189.21
2026-01-18T10:00:00,Sudeste,3276.33,6044.99,2,174.45
2026-01-18T11:00:00,Sudeste,3045.45,6125.16,3,194.34
2026-01-18T12:00:00,Sudeste,3286.66,6152.5,2,194.92
2026-01-18T13:00:00,Sudeste,3540.21,6125.16,2,191.47
2026-01-18T14:00:00,Sudeste,3726.48,6044.99,1,188.95
2026-01-18T15:00:00,Sudeste,4112.65,5917.45,2,175.55
2026-01-18T16:00:00,Sudeste,4374.85,5751.25,2,171.8
2026-01-18T17:00:00,Sudeste,4003.99,5557.7,2,168.81
2026-01-18T18:00:00,Sudeste,4733.63,5350.0,1,259.0
2026-01-18T19:00:00,Sudeste,4644.9,5350.0,1,225.6
2026-01-18T20:00:00,Sudeste,4899.8,5350.0,2,287.64
2026-01-18T21:00:00,Sudeste,4806.07,5350.0,2,258.96
2026-01-18T22:00:00,Sudeste,4211.24,5350.0,2,194.16
2026-01-18T23:00:00,Sudeste,3956.48,5350.0,3,188.67
2026-01-05T00:00:00,Sul,1555.39,2080.0,3,170.18
2026-01-05T01:00:00,Sul,1478.28,2080.0,4,179.09
2026-01-05T02:00:00,Sul,1394.46,2080.0,2,168.99
2026-01-05T03:00:00,Sul,1304.82,2080.0,3,180.5
2026-01-05T04:00:00,Sul,1260.31,2080.0,2,168.71
2026-01-05T05:00:00,Sul,1266.57,2080.0,2,175.89
2026-01-05T06:00:00,Sul,1199.56,2080.0,3,165.74
2026-01-05T07:00:00,Sul,1158.39,2144.6,1,174.6
2026-01-05T08:00:00,Sul,1210.8,2204.8,2,172.52
2026-01-05T09:00:00,Sul,1243.47,2256.49,3,194.81
2026-01-05T10:00:00,Sul,1301.47,2296.16,1,173.08
2026-01-05T11:00:00,Sul,1391.84,2321.1,2,173.85
2026-01-05T12:00:00,Sul,1312.84,2329.6,3,184.5
2026-01-05T13:00:00,Sul,1548.42,2321.1,3,172.68
2026-01-05T14:00:00,Sul,1567.91,2296.16,2,173.71
2026-01-05T15:00:00,Sul,1615.78,2256.49,3,189.57
2026-01-05T16:00:00,Sul,1717.72,2204.8,2,173.28
2026-01-05T17:00:00,Sul,1802.9,2144.6,3,212.99
2026-01-05T18:00:00,Sul,1944.67,2080.0,1,312.85
2026-01-05T19:00:00,Sul,1998.1,2080.0,2,372.8
2026-01-05T20:00:00,Sul,1873.09,2080.0,4,278.15
2026-01-05T21:00:00,Sul,1987.84,2080.0,3,370.67
2026-01-05T22:00:00,Sul,1697.37,2080.0,2,187.43
2026-01-05T23:00:00,Sul,1679.02,2080.0,2,183.01
2026-01-06T00:00:00,Sul,1579.34,2080.0,2,173.0
2026-01-06T01:00:00,Sul,1485.28,2080.0,2,179.73
2026-01-06T02:00:00,Sul,1397.04,2080.0,2,169.05
2026-01-06T03:00:00,Sul,1377.6,2080.0,2,187.62
2026-01-06T04:00:00,Sul,1304.08,2080.0,2,193.94
2026-01-06T05:00:00,Sul,1191.0,2080.0,4,189.24
2026-01-06T06:00:00,Sul,1139.17,2080.0,2,175.08
2026-01-06T07:00:00,Sul,1111.78,2144.6,2,166.91
2026-01-06T08:00:00,Sul,1126.86,2204.8,2,192.34
2026-01-06T09:00:00,Sul,1185.77,2256.49,2,194.42
2026-01-06T10:00:00,Sul,1301.43,2296.16,3,178.18
2026-01-06T11:00:00,Sul,1306.45,2321.1,2,184.36
2026-01-06T12:00:00,Sul,1432.79,2329.6,1,174.48
2026-01-06T13:00:00,Sul,1496.73,2321.1,3,179.59
2026-01-06T14:00:00,Sul,1575.52,2296.16,1,179.19
2026-01-06T15:00:00,Sul,1577.2,2256.49,3,171.38
2026-01-06T16:00:00,Sul,1736.87,2204.8,1,186.8
2026-01-06T17:00:00,Sul,1723.92,2144.6,2,185.12
2026-01-06T18:00:00,Sul,1983.26,2080.0,2,351.06
2026-01-06T19:00:00,Sul,1971.32,2080.0,1,337.26
2026-01-06T20:00:00,Sul,1932.28,2080.0,2,317.46
2026-01-06T21:00:00,Sul,1878.2,2080.0,1,289.59
2026-01-06T22:00:00,Sul,1682.42,2080.0,3,207.87
2026-01-06T23:00:00,Sul,1727.07,2080.0,3,205.14
2026-01-07T00:00:00,Sul,1600.36,2080.0,2,171.63
2026-01-07T01:00:00,Sul,1519.03,2080.0,4,167.35
2026-01-07T02:00:00,Sul,1497.87,2080.0,2,182.55
2026-01-07T03:00:00,Sul,1340.22,2080.0,2,177.77
2026-01-07T04:00:00,Sul,1242.87,2080.0,3,189.99
2026-01-07T05:00:00,Sul,1206.85,2080.0,4,176.14
2026-01-07T06:00:00,Sul,1173.8,2080.0,1,166.0
2026-01-07T07:00:00,Sul,1196.09,2144.6,2,188.77
2026-01-07T08:00:00,Sul,1201.71,2204.8,2,170.58
2026-01-07T09:00:00,Sul,1196.41,2256.49,1,181.79
2026-01-07T10:00:00,Sul,1244.49,2296.16,2,171.26
2026-01-07T11:00:00,Sul,1339.82,2321.1,3,174.75
2026-01-07T12:00:00,Sul,1435.75,2329.6,3,187.34
2026-01-07T13:00:00,Sul,1478.6,2321.1,4,193.75
2026-01-07T14:00:00,Sul,1614.97,2296.16,4,187.19
2026-01-07T15:00:00,Sul,1650.07,2256.49,3,191.52
2026-01-07T16:00:00,Sul,1754.47,2204.8,2,184.99
2026-01-07T17:00:00,Sul,1776.09,2144.6,2,212.57
2026-01-07T18:00:00,Sul,1992.3,2080.0,3,350.77
2026-01-07T19:00:00,Sul,1984.37,2080.0,1,348.68
2026-01-07T20:00:00,Sul,1941.3,2080.0,3,329.1
2026-01-07T21:00:00,Sul,1886.54,2080.0,2,275.52
2026-01-07T22:00:00,Sul,1777.62,2080.0,3,224.95
2026-01-07T23:00:00,Sul,1702.77,2080.0,3,188.71
2026-01-08T00:00:00,Sul,1606.5,2080.0,2,190.04
2026-01-08T01:00:00,Sul,1507.07,2080.0,3,191.03
2026-01-08T02:00:00,Sul,1382.95,2080.0,3,181.27
2026-01-08T03:00:00,Sul,1312.72,2080.0,3,193.18
2026-01-08T04:00:00,Sul,1274.52,2080.0,1,188.53
2026-01-08T05:00:00,Sul,1220.09,2080.0,2,194.51
2026-01-08T06:00:00,Sul,1162.78,2080.0,2,182.34
2026-01-08T07:00:00,Sul,1154.94,2144.6,2,174.6
2026-01-08T08:00:00,Sul,1097.2,2204.8,2,173.8
2026-01-08T09:00:00,Sul,1232.92,2256.49,3,165.87
2026-01-08T10:00:00,Sul,1281.02,2296.16,2,182.32
2026-01-08T11:00:00,Sul,1329.17,2321.1,2,191.49
2026-01-08T12:00:00,Sul,1406.66,2329.6,2,186.24
2026-01-08T13:00:00,Sul,1421.35,2321.1,4,169.13
2026-01-08T14:00:00,Sul,1585.23,2296.16,3,169.07
2026-01-08T15:00:00,Sul,1738.18,2256.49,3,196.72
2026-01-08T16:00:00,Sul,1732.15,2204.8,2,176.53
2026-01-08T17:00:00,Sul,1808.11,2144.6,3,219.06
2026-01-08T18:00:00,Sul,1934.36,2080.0,2,329.99
2026-01-08T19:00:00,Sul,2081.5,2080.0,4,436.51
2026-01-08T20:00:00,Sul,2070.11,2080.0,3,437.52
2026-01-08T21:00:00,Sul,1961.65,2080.0,3,343.75
2026-01-08T22:00:00,Sul,1783.02,2080.0,3,214.35
2026-01-08T23:00:00,Sul,1623.09,2080.0,3,190.84
2026-01-09T00:00:00,Sul,1555.91,2080.0,2,177.28
2026-01-09T01:00:00,Sul,1476.73,2080.0,3,177.13
2026-01-09T02:00:00,Sul,1336.33,2080.0,1,177.1
2026-01-09T03:00:00,Sul,1308.09,2080.0,2,194.58
2026-01-09T04:00:00,Sul,1178.64,2080.0,3,171.31
2026-01-09T05:00:00,Sul,1298.84,2080.0,2,174.62
2026-01-09T06:00:00,Sul,1127.32,2080.0,4,193.54
2026-01-09T07:00:00,Sul,1133.99,2144.6,3,182.77
2026-01-09T08:00:00,Sul,1159.39,2204.8,2,178.82
2026-01-09T09:00:00,Sul,1217.02,2256.49,2,180.72
2026-01-09T10:00:00,Sul,1241.99,2296.16,1,183.93
2026-01-09T11:00:00,Sul,1340.65,2321.1,2,180.91
2026-01-09T12:00:00,Sul,1424.47,2329.6,3,192.43
2026-01-09T13:00:00,Sul,1492.75,2321.1,3,178.49
2026-01-09T14:00:00,Sul,1642.79,2296.16,2,178.77
2026-01-09T15:00:00,Sul,1625.21,2256.49,3,181.81
2026-01-09T16:00:00,Sul,1775.95,2204.8,3,181.63
2026-01-09T17:00:00,Sul,1785.94,2144.6,2,198.16
2026-01-09T18:00:00,Sul,1954.4,2080.0,4,341.21
2026-01-09T19:00:00,Sul,1960.81,2080.0,2,326.0
2026-01-09T20:00:00,Sul,1983.04,2080.0,2,364.83
2026-01-09T21:00:00,Sul,2027.25,2080.0,3,379.63
2026-01-09T22:00:00,Sul,1733.45,2080.0,2,196.57
2026-01-09T23:00:00,Sul,1675.7,2080.0,1,179.56
2026-01-10T00:00:00,Sul,1441.4,2080.0,3,181.64
2026-01-10T01:00:00,Sul,1456.95,2080.0,2,181.48
2026-01-10T02:00:00,Sul,1300.14,2080.0,4,177.56
2026-01-10T03:00:00,Sul,1276.12,2080.0,1,187.96
2026-01-10T04:00:00,Sul,1237.24,2080.0,3,192.43
2026-01-10T05:00:00,Sul,1132.38,2080.0,3,193.8
2026-01-10T06:00:00,Sul,1096.07,2080.0,3,194.92
2026-01-10T07:00:00,Sul,1087.25,2144.6,2,174.38
2026-01-10T08:00:00,Sul,1108.45,2204.8,2,166.31
2026-01-10T09:00:00,Sul,1110.33,2256.49,1,168.62
2026-01-10T10:00:00,Sul,1203.71,2296.16,1,190.59
2026-01-10T11:00:00,Sul,1200.81,2321.1,3,193.18
2026-01-10T12:00:00,Sul,1239.17,2329.6,3,191.67
2026-01-10T13:00:00,Sul,1373.24,2321.1,1,193.85
2026-01-10T14:00:00,Sul,1509.12,2296.16,3,176.92
2026-01-10T15:00:00,Sul,1551.71,2256.49,2,185.09
2026-01-10T16:00:00,Sul,1546.75,2204.8,4,179.84
2026-01-10T17:00:00,Sul,1705.6,2144.6,2,187.51
2026-01-10T18:00:00,Sul,1801.99,2080.0,2,250.24
2026-01-10T19:00:00,Sul,1858.17,2080.0,2,258.58
2026-01-10T20:00:00,Sul,1802.74,2080.0,2,247.97
2026-01-10T21:00:00,Sul,1742.93,2080.0,3,200.34
2026-01-10T22:00:00,Sul,1677.69,2080.0,2,191.87
2026-01-10T23:00:00,Sul,1568.1,2080.0,2,178.35
2026-01-11T00:00:00,Sul,1451.73,2080.0,3,188.0
2026-01-11T01:00:00,Sul,1393.79,2080.0,2,176.83
2026-01-11T02:00:00,Sul,1409.63,2080.0,1,186.9
2026-01-11T03:00:00,Sul,1204.51,2080.0,2,178.35
2026-01-11T04:00:00,Sul,1161.74,2080.0,2,183.5
2026-01-11T05:00:00,Sul,1159.5,2080.0,3,174.84
2026-01-11T06:00:00,Sul,1084.04,2080.0,1,170.99
2026-01-11T07:00:00,Sul,1092.58,2144.6,2,178.52
2026-01-11T08:00:00,Sul,1106.94,2204.8,2,168.91
2026-01-11T09:00:00,Sul,1128.2,2256.49,2,174.07
2026-01-11T10:00:00,Sul,1235.89,2296.16,2,189.62
2026-01-11T11:00:00,Sul,1283.6,2321.1,2,177.83
2026-01-11T12:00:00,Sul,1309.98,2329.6,2,170.93
2026-01-11T13:00:00,Sul,1353.01,2321.1,2,193.47
2026-01-11T14:00:00,Sul,1546.02,2296.16,1,193.49
2026-01-11T15:00:00,Sul,1496.66,2256.49,2,175.81
2026-01-11T16:00:00,Sul,1607.12,2204.8,2,183.63
2026-01-11T17:00:00,Sul,1648.84,2144.6,2,188.9
2026-01-11T18:00:00,Sul,1901.86,2080.0,2,287.6
2026-01-11T19:00:00,Sul,1914.8,2080.0,1,292.55
2026-01-11T20:00:00,Sul,1807.05,2080.0,2,247.08
2026-01-11T21:00:00,Sul,1873.49,2080.0,2,271.01
2026-01-11T22:00:00,Sul,1586.73,2080.0,1,178.12
2026-01-11T23:00:00,Sul,1633.24,2080.0,1,176.18
2026-01-12T00:00:00,Sul,1566.27,2080.0,4,180.37
2026-01-12T01:00:00,Sul,1433.61,2080.0,3,189.15
2026-01-12T02:00:00,Sul,1424.96,2080.0,3,174.09
2026-01-12T03:00:00,Sul,1377.35,2080.0,2,193.58
2026-01-12T04:00:00,Sul,1250.57,2080.0,4,185.97
2026-01-12T05:00:00,Sul,1277.2,2080.0,2,186.98
2026-01-12T06:00:00,Sul,1183.92,2080.0,1,191.03
2026-01-12T07:00:00,Sul,1164.78,2144.6,2,185.17
2026-01-12T08:00:00,Sul,1191.49,2204.8,2,175.9
2026-01-12T09:00:00,Sul,1249.73,2256.49,3,186.98
2026-01-12T10:00:00,Sul,1238.17,2296.16,1,182.56
2026-01-12T11:00:00,Sul,1366.49,2321.1,2,168.95
2026-01-12T12:00:00,Sul,1463.89,2050.05,2,172.5
2026-01-12T13:00:00,Sul,1429.38,2042.56,4,168.73
2026-01-12T14:00:00,Sul,1562.81,2020.62,2,168.09
2026-01-12T15:00:00,Sul,1677.43,2256.49,3,166.42
2026-01-12T16:00:00,Sul,1744.66,2204.8,1,174.73
2026-01-12T17:00:00,Sul,1773.24,2144.6,3,202.96
2026-01-12T18:00:00,Sul,1971.33,2080.0,2,357.25
2026-01-12T19:00:00,Sul,2092.88,2080.0,3,463.61
2026-01-12T20:00:00,Sul,1895.32,2080.0,4,286.25
2026-01-12T21:00:00,Sul,1936.44,2080.0,3,310.14
2026-01-12T22:00:00,Sul,1707.52,2080.0,3,214.78
2026-01-12T23:00:00,Sul,1713.91,2080.0,3,210.14
2026-01-13T00:00:00,Sul,1584.4,2080.0,3,165.88
2026-01-13T01:00:00,Sul,1803.35,2080.0,2,240.85
2026-01-13T02:00:00,Sul,1519.74,2080.0,2,190.89
2026-01-13T03:00:00,Sul,1513.9,2080.0,2,188.99
2026-01-13T04:00:00,Sul,1366.35,2080.0,4,182.87
2026-01-13T05:00:00,Sul,1320.74,2080.0,2,187.55
2026-01-13T06:00:00,Sul,1346.44,2080.0,2,187.08
2026-01-13T07:00:00,Sul,1312.09,2144.6,3,189.29
2026-01-13T08:00:00,Sul,1278.11,2204.8,2,186.83
2026-01-13T09:00:00,Sul,1304.37,2256.49,1,176.95
2026-01-13T10:00:00,Sul,1495.82,2296.16,3,179.95
2026-01-13T11:00:00,Sul,1536.59,2321.1,1,171.71
2026-01-13T12:00:00,Sul,1543.98,2329.6,4,187.33
2026-01-13T13:00:00,Sul,1589.37,2321.1,1,165.03
2026-01-13T14:00:00,Sul,1685.04,2296.16,3,191.77
2026-01-13T15:00:00,Sul,1776.88,2256.49,3,199.77
2026-01-13T16:00:00,Sul,1935.94,2204.8,1,242.7
2026-01-13T17:00:00,Sul,2015.98,2144.6,3,333.11
2026-01-13T18:00:00,Sul,2099.09,2080.0,2,450.18
2026-01-13T19:00:00,Sul,2116.3,2080.0,3,469.48
2026-01-13T20:00:00,Sul,2063.51,2080.0,3,435.77
2026-01-13T21:00:00,Sul,2296.09,2080.0,2,711.84
2026-01-13T22:00:00,Sul,1964.82,2080.0,2,330.53
2026-01-13T23:00:00,Sul,1904.45,2080.0,2,281.95
2026-01-14T00:00:00,Sul,1747.67,2080.0,4,212.1
2026-01-14T01:00:00,Sul,1723.24,2080.0,4,213.93
2026-01-14T02:00:00,Sul,1592.46,2080.0,4,189.89
2026-01-14T03:00:00,Sul,1490.55,2080.0,4,189.19
2026-01-14T04:00:00,Sul,1487.92,2080.0,2,167.18
2026-01-14T05:00:00,Sul,1335.73,2080.0,3,188.46
2026-01-14T06:00:00,Sul,1345.23,2080.0,1,165.71
2026-01-14T07:00:00,Sul,1320.97,2144.6,4,170.54
2026-01-14T08:00:00,Sul,1320.52,2204.8,2,191.0
2026-01-14T09:00:00,Sul,1332.66,2256.49,3,176.43
2026-01-14T10:00:00,Sul,1471.4,2296.16,2,182.68
2026-01-14T11:00:00,Sul,1454.59,2321.1,2,178.05
2026-01-14T12:00:00,Sul,1557.31,2329.6,4,184.65
2026-01-14T13:00:00,Sul,1634.52,2321.1,3,165.09
2026-01-14T14:00:00,Sul,1752.01,2296.16,1,181.46
2026-01-14T15:00:00,Sul,1783.83,2256.49,3,198.93
2026-01-14T16:00:00,Sul,1827.72,2204.8,3,198.53
2026-01-14T17:00:00,Sul,1979.06,2144.6,2,315.08
2026-01-14T18:00:00,Sul,2195.85,2080.0,1,579.26
2026-01-14T19:00:00,Sul,2189.82,2080.0,3,559.26
2026-01-14T20:00:00,Sul,2096.29,2080.0,2,446.29
2026-01-14T21:00:00,Sul,2224.77,2080.0,3,599.36
2026-01-14T22:00:00,Sul,1905.79,2080.0,4,308.29
2026-01-14T23:00:00,Sul,1841.33,2080.0,2,271.8
2026-01-15T00:00:00,Sul,1807.4,2080.0,2,229.34
2026-01-15T01:00:00,Sul,1704.73,2080.0,1,186.04
2026-01-15T02:00:00,Sul,1499.81,2080.0,1,189.67
2026-01-15T03:00:00,Sul,1453.23,2080.0,3,187.87
2026-01-15T04:00:00,Sul,1473.18,2080.0,3,178.63
2026-01-15T05:00:00,Sul,1484.79,2080.0,2,175.46
2026-01-15T06:00:00,Sul,1294.44,2080.0,1,188.27
2026-01-15T07:00:00,Sul,1336.31,2144.6,2,182.58
2026-01-15T08:00:00,Sul,1357.55,2204.8,1,169.42
2026-01-15T09:00:00,Sul,1420.24,2256.49,2,194.31
2026-01-15T10:00:00,Sul,1371.66,2296.16,3,187.06
2026-01-15T11:00:00,Sul,1481.09,2321.1,3,189.88
2026-01-15T12:00:00,Sul,1598.81,2329.6,2,169.5
2026-01-15T13:00:00,Sul,1624.74,2321.1,3,193.16
2026-01-15T14:00:00,Sul,1824.41,2296.16,2,194.42
2026-01-15T15:00:00,Sul,1832.21,2256.49,4,185.82
2026-01-15T16:00:00,Sul,1870.73,2204.8,1,212.12
2026-01-15T17:00:00,Sul,2043.66,2144.6,2,351.24
2026-01-15T18:00:00,Sul,2294.89,2080.0,2,716.41
2026-01-15T19:00:00,Sul,2255.7,2080.0,4,651.45
2026-01-15T20:00:00,Sul,2327.99,2080.0,1,762.13
2026-01-15T21:00:00,Sul,2104.31,2080.0,4,456.0
2026-01-15T22:00:00,Sul,1851.77,2080.0,2,261.59
2026-01-15T23:00:00,Sul,1863.33,2080.0,1,256.47
2026-01-16T00:00:00,Sul,1770.56,2080.0,2,214.92
2026-01-16T01:00:00,Sul,1689.04,2080.0,1,187.06
2026-01-16T02:00:00,Sul,1681.21,2080.0,2,187.65
2026-01-16T03:00:00,Sul,1535.95,2080.0,2,190.27
2026-01-16T04:00:00,Sul,1451.16,2080.0,2,175.5
2026-01-16T05:00:00,Sul,1379.71,2080.0,4,178.42
2026-01-16T06:00:00,Sul,1324.27,2080.0,2,188.35
2026-01-16T07:00:00,Sul,1186.91,2144.6,3,171.19
2026-01-16T08:00:00,Sul,1312.78,2204.8,1,186.52
2026-01-16T09:00:00,Sul,1353.28,2256.49,4,185.85
2026-01-16T10:00:00,Sul,1359.79,2296.16,2,183.96
2026-01-16T11:00:00,Sul,1546.34,2321.1,1,184.12
2026-01-16T12:00:00,Sul,1530.45,2329.6,3,169.07
2026-01-16T13:00:00,Sul,1702.1,2321.1,3,176.03
2026-01-16T14:00:00,Sul,1834.89,2296.16,3,184.17
2026-01-16T15:00:00,Sul,1983.14,2256.49,2,238.67
2026-01-16T16:00:00,Sul,1920.37,2204.8,3,252.18
2026-01-16T17:00:00,Sul,2004.23,2144.6,2,310.31
2026-01-16T18:00:00,Sul,2151.9,2080.0,2,524.8
2026-01-16T19:00:00,Sul,2190.47,2080.0,2,565.31
2026-01-16T20:00:00,Sul,2165.07,2080.0,2,550.04
2026-01-16T21:00:00,Sul,2166.21,2080.0,3,534.3
2026-01-16T22:00:00,Sul,1957.59,2080.0,2,329.93
2026-01-16T23:00:00,Sul,1754.28,2080.0,4,209.9
2026-01-17T00:00:00,Sul,1624.76,2080.0,3,178.19
2026-01-17T01:00:00,Sul,1581.17,2080.0,3,191.75
2026-01-17T02:00:00,Sul,1473.78,2080.0,2,185.29
2026-01-17T03:00:00,Sul,1312.12,2080.0,3,180.49
2026-01-17T04:00:00,Sul,1312.13,2080.0,3,184.59
2026-01-17T05:00:00,Sul,1293.12,2080.0,1,169.39
2026-01-17T06:00:00,Sul,1236.46,2080.0,2,186.6
2026-01-17T07:00:00,Sul,1238.93,2144.6,1,170.21
2026-01-17T08:00:00,Sul,1180.82,2204.8,4,179.64
2026-01-17T09:00:00,Sul,1229.3,2256.49,3,174.39
2026-01-17T10:00:00,Sul,1297.74,2296.16,3,175.04
2026-01-17T11:00:00,Sul,1420.52,2321.1,2,166.77
2026-01-17T12:00:00,Sul,1516.68,2329.6,2,185.5
2026-01-17T13:00:00,Sul,1641.07,2321.1,3,192.89
2026-01-17T14:00:00,Sul,1683.09,2296.16,1,168.36
2026-01-17T15:00:00,Sul,1680.65,2256.49,3,177.05
2026-01-17T16:00:00,Sul,1826.16,2204.8,3,218.23
2026-01-17T17:00:00,Sul,1868.51,2144.6,3,236.59
2026-01-17T18:00:00,Sul,2143.23,2080.0,2,514.4
2026-01-17T19:00:00,Sul,1981.32,2080.0,2,355.85
2026-01-17T20:00:00,Sul,1978.71,2080.0,4,342.61
2026-01-17T21:00:00,Sul,2067.83,2080.0,2,426.32
2026-01-17T22:00:00,Sul,1744.38,2080.0,1,207.69
2026-01-17T23:00:00,Sul,1796.46,2080.0,2,226.92
2026-01-18T00:00:00,Sul,1642.79,2080.0,2,173.73
2026-01-18T01:00:00,Sul,1609.24,2080.0,3,188.52
2026-01-18T02:00:00,Sul,1421.32,2080.0,2,180.21
2026-01-18T03:00:00,Sul,1446.97,2080.0,4,180.18
2026-01-18T04:00:00,Sul,1282.33,2080.0,3,169.77
2026-01-18T05:00:00,Sul,1238.61,2080.0,3,181.66
2026-01-18T06:00:00,Sul,1184.89,2080.0,2,192.28
2026-01-18T07:00:00,Sul,1254.72,2144.6,2,183.78
2026-01-18T08:00:00,Sul,1250.69,2204.8,2,193.38
2026-01-18T09:00:00,Sul,1225.99,2256.49,3,188.77
2026-01-18T10:00:00,Sul,1348.63,2296.16,2,178.01
2026-01-18T11:00:00,Sul,1351.81,2321.1,4,184.03
2026-01-18T12:00:00,Sul,1489.57,2329.6,1,182.42
2026-01-18T13:00:00,Sul,1536.84,2321.1,1,179.45
2026-01-18T14:00:00,Sul,1475.75,2296.16,1,192.11
2026-01-18T15:00:00,Sul,1628.15,2256.49,2,183.41
2026-01-18T16:00:00,Sul,1603.57,2204.8,1,191.64
2026-01-18T17:00:00,Sul,1686.18,2144.6,4,173.01
2026-01-18T18:00:00,Sul,1813.28,2080.0,3,234.54
2026-01-18T19:00:00,Sul,1921.37,2080.0,2,308.7
2026-01-18T20:00:00,Sul,1722.09,2080.0,1,193.21
2026-01-18T21:00:00,Sul,1775.1,2080.0,2,226.54
2026-01-18T22:00:00,Sul,1690.81,2080.0,3,183.8
2026-01-18T23:00:00,Sul,1560.52,2080.0,2,191.82
